Output Length, Input Length, NEON Cycles, C Cycles
42, 42, 139.065000, 161.685000
42, 84, 142.006000, 142.308000
42, 126, 109.977000, 124.121000
42, 168, 210.727000, 218.063000
42, 210, 198.361000, 218.400000
42, 252, 198.545000, 218.528000
42, 294, 199.782000, 224.423000
42, 336, 294.846000, 315.557000
42, 378, 295.646000, 319.188000
42, 420, 296.075000, 319.010000
42, 462, 295.637000, 319.325000
42, 504, 390.567000, 415.613000
42, 546, 391.839000, 418.715000
42, 588, 390.937000, 417.908000
42, 630, 391.714000, 417.236000
42, 672, 487.056000, 514.164000
42, 714, 487.430000, 517.802000
42, 756, 488.111000, 517.145000
42, 798, 488.681000, 516.309000
42, 840, 583.322000, 613.943000
42, 882, 584.693000, 616.994000
42, 924, 586.947000, 616.513000
42, 966, 585.124000, 615.929000
42, 1008, 679.325000, 713.432000
84, 42, 101.972000, 117.389000
84, 84, 102.129000, 119.735000
84, 126, 102.832000, 118.240000
84, 168, 197.406000, 216.130000
84, 210, 197.964000, 217.281000
84, 252, 199.373000, 218.490000
84, 294, 199.016000, 217.889000
84, 336, 293.592000, 316.527000
84, 378, 294.182000, 318.445000
84, 420, 295.461000, 317.546000
84, 462, 295.955000, 319.072000
84, 504, 390.299000, 415.494000
84, 546, 390.484000, 418.389000
84, 588, 390.866000, 419.995000
84, 630, 393.795000, 417.963000
84, 672, 489.046000, 515.187000
84, 714, 487.744000, 516.142000
84, 756, 488.341000, 517.143000
84, 798, 488.694000, 517.601000
84, 840, 582.334000, 615.402000
84, 882, 584.712000, 617.205000
84, 924, 585.124000, 616.477000
84, 966, 585.102000, 616.467000
84, 1008, 679.431000, 713.561000
126, 42, 102.299000, 117.854000
126, 84, 102.410000, 117.910000
126, 126, 103.021000, 118.673000
126, 168, 197.366000, 216.686000
126, 210, 198.680000, 218.783000
126, 252, 199.465000, 217.904000
126, 294, 199.390000, 219.368000
126, 336, 294.186000, 316.319000
126, 378, 294.905000, 320.183000
126, 420, 294.964000, 319.334000
126, 462, 295.587000, 319.244000
126, 504, 390.953000, 415.243000
126, 546, 390.820000, 418.517000
126, 588, 391.704000, 417.902000
126, 630, 391.856000, 417.744000
126, 672, 487.095000, 514.668000
126, 714, 488.658000, 517.735000
126, 756, 488.011000, 518.741000
126, 798, 489.283000, 517.562000
126, 840, 585.301000, 614.376000
126, 882, 586.237000, 617.118000
126, 924, 584.621000, 616.361000
126, 966, 589.457000, 617.116000
126, 1008, 679.826000, 713.637000
168, 42, 100.862000, 115.168000
168, 84, 101.377000, 115.676000
168, 126, 101.619000, 115.678000
168, 168, 196.479000, 213.451000
168, 210, 196.711000, 215.821000
168, 252, 197.658000, 214.939000
168, 294, 197.796000, 216.374000
168, 336, 292.084000, 313.773000
168, 378, 292.954000, 316.491000
168, 420, 294.800000, 317.009000
168, 462, 294.569000, 315.284000
168, 504, 388.640000, 412.983000
168, 546, 389.789000, 415.718000
168, 588, 391.424000, 414.558000
168, 630, 390.281000, 415.391000
168, 672, 484.942000, 512.994000
168, 714, 487.011000, 514.753000
168, 756, 486.897000, 513.349000
168, 798, 487.318000, 514.467000
168, 840, 581.707000, 611.519000
168, 882, 581.872000, 613.612000
168, 924, 582.272000, 612.753000
168, 966, 582.960000, 613.805000
168, 1008, 677.362000, 711.249000
210, 42, 199.243000, 216.551000
210, 84, 198.892000, 216.168000
210, 126, 199.445000, 216.774000
210, 168, 294.724000, 313.462000
210, 210, 295.252000, 315.582000
210, 252, 295.436000, 315.554000
210, 294, 296.345000, 315.914000
210, 336, 390.725000, 413.446000
210, 378, 391.488000, 417.526000
210, 420, 391.347000, 416.272000
210, 462, 391.521000, 417.180000
210, 504, 486.976000, 514.091000
210, 546, 487.790000, 515.342000
210, 588, 487.649000, 515.480000
210, 630, 488.691000, 516.454000
210, 672, 584.017000, 613.577000
210, 714, 583.954000, 614.654000
210, 756, 584.273000, 612.513000
210, 798, 584.649000, 615.284000
210, 840, 678.733000, 711.542000
210, 882, 680.185000, 712.512000
210, 924, 679.571000, 711.474000
210, 966, 680.613000, 712.791000
210, 1008, 775.615000, 810.290000
252, 42, 197.656000, 213.852000
252, 84, 198.564000, 214.740000
252, 126, 198.549000, 214.736000
252, 168, 293.284000, 313.287000
252, 210, 293.503000, 314.121000
252, 252, 294.055000, 313.178000
252, 294, 294.870000, 313.654000
252, 336, 389.900000, 413.621000
252, 378, 389.891000, 414.590000
252, 420, 390.686000, 413.277000
252, 462, 392.616000, 414.155000
252, 504, 486.227000, 512.320000
252, 546, 487.529000, 519.058000
252, 588, 487.655000, 512.996000
252, 630, 487.147000, 515.240000
252, 672, 582.560000, 611.764000
252, 714, 583.510000, 612.793000
252, 756, 583.663000, 612.157000
252, 798, 584.658000, 613.961000
252, 840, 679.732000, 712.312000
252, 882, 679.855000, 712.642000
252, 924, 679.985000, 711.946000
252, 966, 680.454000, 712.388000
252, 1008, 775.142000, 810.408000
294, 42, 197.759000, 214.421000
294, 84, 198.554000, 214.950000
294, 126, 198.701000, 215.796000
294, 168, 293.170000, 313.510000
294, 210, 293.750000, 314.950000
294, 252, 294.120000, 313.776000
294, 294, 295.713000, 313.999000
294, 336, 390.045000, 413.780000
294, 378, 390.235000, 415.575000
294, 420, 390.276000, 415.081000
294, 462, 391.736000, 414.645000
294, 504, 485.639000, 513.874000
294, 546, 486.987000, 513.460000
294, 588, 487.882000, 514.047000
294, 630, 488.097000, 514.449000
294, 672, 582.023000, 612.551000
294, 714, 583.401000, 613.450000
294, 756, 583.610000, 613.263000
294, 798, 584.717000, 612.929000
294, 840, 678.232000, 711.400000
294, 882, 679.692000, 713.802000
294, 924, 680.282000, 713.083000
294, 966, 681.347000, 713.605000
294, 1008, 775.256000, 810.534000
336, 42, 198.560000, 213.979000
336, 84, 198.040000, 214.180000
336, 126, 200.171000, 215.414000
336, 168, 296.018000, 315.023000
336, 210, 297.991000, 315.809000
336, 252, 298.559000, 314.484000
336, 294, 295.398000, 314.053000
336, 336, 390.007000, 413.318000
336, 378, 390.349000, 415.138000
336, 420, 389.741000, 415.035000
336, 462, 393.023000, 415.395000
336, 504, 485.767000, 512.867000
336, 546, 486.129000, 513.320000
336, 588, 486.674000, 513.474000
336, 630, 486.759000, 514.625000
336, 672, 581.842000, 612.561000
336, 714, 582.989000, 614.196000
336, 756, 584.220000, 613.293000
336, 798, 586.193000, 614.348000
336, 840, 679.192000, 711.636000
336, 882, 679.645000, 714.345000
336, 924, 681.046000, 711.675000
336, 966, 680.170000, 712.763000
336, 1008, 774.298000, 810.658000
378, 42, 293.800000, 313.946000
378, 84, 294.243000, 312.556000
378, 126, 295.068000, 313.525000
378, 168, 390.143000, 412.317000
378, 210, 390.304000, 412.766000
378, 252, 390.918000, 412.750000
378, 294, 391.044000, 413.173000
378, 336, 486.959000, 512.824000
378, 378, 486.838000, 515.110000
378, 420, 486.926000, 513.084000
378, 462, 487.992000, 512.626000
378, 504, 582.656000, 610.026000
378, 546, 582.666000, 613.163000
378, 588, 583.554000, 612.221000
378, 630, 583.449000, 612.386000
378, 672, 678.995000, 710.419000
378, 714, 680.357000, 712.243000
378, 756, 680.244000, 711.726000
378, 798, 682.020000, 712.429000
378, 840, 774.653000, 810.485000
378, 882, 776.175000, 812.722000
378, 924, 776.132000, 811.547000
378, 966, 776.983000, 811.257000
378, 1008, 872.217000, 911.990000
420, 42, 294.500000, 312.865000
420, 84, 295.381000, 313.854000
420, 126, 296.141000, 313.953000
420, 168, 390.863000, 411.932000
420, 210, 391.777000, 414.397000
420, 252, 391.228000, 412.248000
420, 294, 392.197000, 414.111000
420, 336, 487.303000, 514.051000
420, 378, 489.489000, 513.789000
420, 420, 488.303000, 514.618000
420, 462, 488.964000, 513.937000
420, 504, 582.092000, 612.273000
420, 546, 584.007000, 613.062000
420, 588, 583.282000, 612.763000
420, 630, 584.500000, 613.085000
420, 672, 679.433000, 710.264000
420, 714, 679.792000, 713.221000
420, 756, 679.845000, 711.606000
420, 798, 682.280000, 716.107000
420, 840, 775.240000, 810.457000
420, 882, 776.838000, 813.073000
420, 924, 777.553000, 812.273000
420, 966, 777.031000, 812.789000
420, 1008, 871.921000, 908.844000
462, 42, 295.992000, 314.204000
462, 84, 295.828000, 314.173000
462, 126, 296.831000, 316.437000
462, 168, 391.205000, 412.415000
462, 210, 390.652000, 413.967000
462, 252, 391.355000, 413.681000
462, 294, 392.983000, 413.466000
462, 336, 486.166000, 512.416000
462, 378, 488.459000, 514.930000
462, 420, 487.607000, 514.578000
462, 462, 488.392000, 513.884000
462, 504, 583.486000, 611.880000
462, 546, 583.661000, 613.270000
462, 588, 584.188000, 612.262000
462, 630, 584.786000, 612.750000
462, 672, 678.897000, 713.244000
462, 714, 680.630000, 712.815000
462, 756, 681.439000, 711.950000
462, 798, 681.566000, 712.495000
462, 840, 776.200000, 810.484000
462, 882, 776.374000, 812.119000
462, 924, 777.488000, 811.208000
462, 966, 776.935000, 812.205000
462, 1008, 872.156000, 910.087000
504, 42, 295.485000, 312.442000
504, 84, 295.779000, 312.351000
504, 126, 296.316000, 314.092000
504, 168, 390.783000, 411.839000
504, 210, 391.228000, 413.756000
504, 252, 390.826000, 413.398000
504, 294, 392.509000, 413.600000
504, 336, 486.743000, 514.661000
504, 378, 487.168000, 515.939000
504, 420, 486.878000, 515.238000
504, 462, 489.205000, 516.002000
504, 504, 583.262000, 612.979000
504, 546, 582.737000, 614.062000
504, 588, 583.228000, 613.590000
504, 630, 583.947000, 613.465000
504, 672, 678.455000, 712.212000
504, 714, 681.598000, 713.229000
504, 756, 680.872000, 714.515000
504, 798, 683.456000, 712.561000
504, 840, 776.446000, 811.329000
504, 882, 778.585000, 812.489000
504, 924, 776.584000, 811.719000
504, 966, 777.327000, 811.724000
504, 1008, 871.569000, 909.988000
546, 42, 391.213000, 410.934000
546, 84, 391.166000, 411.370000
546, 126, 392.378000, 411.126000
546, 168, 487.050000, 512.506000
546, 210, 487.798000, 512.977000
546, 252, 489.041000, 511.929000
546, 294, 488.522000, 512.266000
546, 336, 582.673000, 612.413000
546, 378, 584.159000, 613.687000
546, 420, 583.932000, 612.893000
546, 462, 584.505000, 613.143000
546, 504, 679.695000, 710.743000
546, 546, 679.316000, 713.297000
546, 588, 680.607000, 711.900000
546, 630, 682.504000, 712.647000
546, 672, 775.700000, 810.251000
546, 714, 776.300000, 812.133000
546, 756, 777.216000, 811.495000
546, 798, 777.446000, 812.019000
546, 840, 871.692000, 909.170000
546, 882, 873.570000, 912.495000
546, 924, 873.665000, 912.327000
546, 966, 873.533000, 911.584000
546, 1008, 969.683000, 1009.851000
588, 42, 391.857000, 411.543000
588, 84, 398.627000, 411.615000
588, 126, 393.719000, 410.923000
588, 168, 488.498000, 511.337000
588, 210, 488.089000, 512.442000
588, 252, 487.890000, 511.897000
588, 294, 488.826000, 512.268000
588, 336, 583.676000, 612.688000
588, 378, 583.660000, 613.770000
588, 420, 584.903000, 613.942000
588, 462, 585.764000, 613.080000
588, 504, 681.014000, 711.117000
588, 546, 680.384000, 714.766000
588, 588, 682.543000, 719.803000
588, 630, 681.767000, 712.461000
588, 672, 776.916000, 810.506000
588, 714, 777.725000, 812.572000
588, 756, 776.408000, 812.728000
588, 798, 778.729000, 812.598000
588, 840, 872.827000, 910.804000
588, 882, 873.253000, 911.119000
588, 924, 874.646000, 910.354000
588, 966, 874.962000, 912.016000
588, 1008, 968.606000, 1015.043000
630, 42, 392.193000, 411.439000
630, 84, 395.342000, 411.450000
630, 126, 393.204000, 412.346000
630, 168, 486.948000, 512.487000
630, 210, 487.679000, 512.383000
630, 252, 501.684000, 516.425000
630, 294, 496.655000, 513.520000
630, 336, 582.891000, 613.722000
630, 378, 584.270000, 614.733000
630, 420, 599.991000, 619.027000
630, 462, 586.501000, 614.838000
630, 504, 680.557000, 712.057000
630, 546, 680.779000, 713.432000
630, 588, 699.311000, 719.746000
630, 630, 684.059000, 715.391000
630, 672, 780.718000, 816.008000
630, 714, 786.576000, 819.531000
630, 756, 779.255000, 811.553000
630, 798, 779.374000, 812.186000
630, 840, 872.729000, 919.641000
630, 882, 882.780000, 932.549000
630, 924, 885.712000, 914.807000
630, 966, 876.098000, 914.791000
630, 1008, 974.704000, 1014.022000
672, 42, 395.950000, 411.682000
672, 84, 394.187000, 412.068000
672, 126, 393.290000, 410.385000
672, 168, 487.499000, 510.467000
672, 210, 488.154000, 512.668000
672, 252, 489.245000, 512.290000
672, 294, 489.659000, 511.194000
672, 336, 583.527000, 612.372000
672, 378, 584.140000, 613.915000
672, 420, 584.671000, 613.008000
672, 462, 584.989000, 612.956000
672, 504, 679.808000, 711.572000
672, 546, 680.833000, 712.729000
672, 588, 681.225000, 713.122000
672, 630, 680.981000, 712.874000
672, 672, 777.066000, 810.388000
672, 714, 777.666000, 812.478000
672, 756, 777.108000, 812.418000
672, 798, 778.293000, 811.607000
672, 840, 873.255000, 911.027000
672, 882, 873.282000, 912.417000
672, 924, 873.828000, 923.689000
672, 966, 875.206000, 911.051000
672, 1008, 969.185000, 1008.818000
714, 42, 488.720000, 509.440000
714, 84, 489.307000, 508.813000
714, 126, 489.567000, 510.880000
714, 168, 585.316000, 610.281000
714, 210, 585.698000, 610.831000
714, 252, 584.792000, 610.321000
714, 294, 586.310000, 610.953000
714, 336, 680.311000, 710.309000
714, 378, 682.472000, 714.126000
714, 420, 682.189000, 711.458000
714, 462, 682.153000, 711.665000
714, 504, 776.262000, 811.092000
714, 546, 777.548000, 812.822000
714, 588, 778.144000, 811.420000
714, 630, 777.944000, 811.276000
714, 672, 873.596000, 909.504000
714, 714, 877.178000, 913.860000
714, 756, 875.117000, 911.411000
714, 798, 875.764000, 911.856000
714, 840, 969.958000, 1008.904000
714, 882, 969.404000, 1011.094000
714, 924, 971.304000, 1014.311000
714, 966, 973.559000, 1010.700000
714, 1008, 1066.242000, 1108.216000
756, 42, 488.440000, 510.387000
756, 84, 489.653000, 509.897000
756, 126, 490.396000, 509.735000
756, 168, 584.265000, 610.667000
756, 210, 584.819000, 612.253000
756, 252, 587.735000, 612.821000
756, 294, 586.949000, 611.649000
756, 336, 681.121000, 711.795000
756, 378, 681.420000, 715.519000
756, 420, 682.269000, 714.041000
756, 462, 684.215000, 714.264000
756, 504, 778.292000, 810.481000
756, 546, 777.542000, 812.904000
756, 588, 777.782000, 812.487000
756, 630, 777.673000, 812.350000
756, 672, 874.371000, 910.485000
756, 714, 874.869000, 911.994000
756, 756, 874.075000, 910.496000
756, 798, 874.517000, 912.428000
756, 840, 969.165000, 1010.495000
756, 882, 970.452000, 1012.069000
756, 924, 972.243000, 1010.177000
756, 966, 972.412000, 1010.763000
756, 1008, 1066.107000, 1107.851000
798, 42, 489.675000, 510.920000
798, 84, 489.158000, 510.179000
798, 126, 489.841000, 510.653000
798, 168, 586.613000, 609.133000
798, 210, 586.176000, 609.978000
798, 252, 585.796000, 612.409000
798, 294, 587.512000, 612.897000
798, 336, 681.419000, 712.161000
798, 378, 682.289000, 714.230000
798, 420, 682.152000, 713.102000
798, 462, 682.625000, 712.300000
798, 504, 778.212000, 812.205000
798, 546, 780.180000, 813.768000
798, 588, 779.484000, 813.197000
798, 630, 779.819000, 812.864000
798, 672, 873.950000, 910.135000
798, 714, 873.737000, 911.751000
798, 756, 874.762000, 912.121000
798, 798, 876.666000, 912.045000
798, 840, 971.108000, 1008.703000
798, 882, 971.397000, 1010.736000
798, 924, 971.536000, 1010.616000
798, 966, 970.820000, 1011.129000
798, 1008, 1065.775000, 1109.577000
840, 42, 488.984000, 508.512000
840, 84, 488.675000, 509.743000
840, 126, 490.111000, 509.229000
840, 168, 583.610000, 609.131000
840, 210, 585.001000, 610.838000
840, 252, 585.594000, 609.183000
840, 294, 587.487000, 617.056000
840, 336, 681.367000, 712.189000
840, 378, 681.444000, 713.562000
840, 420, 681.859000, 711.656000
840, 462, 682.657000, 712.082000
840, 504, 775.954000, 809.467000
840, 546, 778.896000, 811.936000
840, 588, 778.015000, 811.250000
840, 630, 778.500000, 812.903000
840, 672, 873.483000, 911.641000
840, 714, 874.315000, 914.222000
840, 756, 875.235000, 910.015000
840, 798, 875.561000, 910.627000
840, 840, 969.954000, 1007.997000
840, 882, 969.925000, 1012.818000
840, 924, 971.274000, 1010.316000
840, 966, 971.817000, 1010.384000
840, 1008, 1065.604000, 1107.780000
882, 42, 584.770000, 608.503000
882, 84, 586.115000, 608.000000
882, 126, 587.042000, 608.684000
882, 168, 681.181000, 707.866000
882, 210, 682.631000, 709.998000
882, 252, 682.860000, 708.610000
882, 294, 682.450000, 709.968000
882, 336, 777.355000, 809.255000
882, 378, 777.241000, 810.203000
882, 420, 778.995000, 810.847000
882, 462, 778.733000, 810.981000
882, 504, 873.496000, 908.798000
882, 546, 874.415000, 911.750000
882, 588, 875.021000, 910.307000
882, 630, 876.549000, 909.522000
882, 672, 971.277000, 1008.952000
882, 714, 972.102000, 1009.547000
882, 756, 971.424000, 1012.397000
882, 798, 972.225000, 1010.107000
882, 840, 1066.453000, 1108.863000
882, 882, 1067.501000, 1110.622000
882, 924, 1069.556000, 1111.307000
882, 966, 1069.191000, 1110.048000
882, 1008, 1164.572000, 1207.461000
924, 42, 586.114000, 607.397000
924, 84, 585.356000, 607.907000
924, 126, 587.256000, 608.106000
924, 168, 681.455000, 707.219000
924, 210, 681.533000, 710.772000
924, 252, 682.765000, 709.060000
924, 294, 682.562000, 709.714000
924, 336, 777.637000, 809.813000
924, 378, 779.349000, 810.963000
924, 420, 778.386000, 811.350000
924, 462, 779.365000, 810.625000
924, 504, 874.077000, 909.128000
924, 546, 874.092000, 913.400000
924, 588, 875.315000, 911.856000
924, 630, 875.979000, 910.373000
924, 672, 969.348000, 1007.851000
924, 714, 971.509000, 1009.840000
924, 756, 971.535000, 1009.506000
924, 798, 972.330000, 1011.915000
924, 840, 1066.872000, 1109.206000
924, 882, 1068.668000, 1110.591000
924, 924, 1068.247000, 1110.588000
924, 966, 1068.355000, 1109.301000
924, 1008, 1163.995000, 1206.863000
966, 42, 585.961000, 607.768000
966, 84, 587.142000, 607.904000
966, 126, 587.307000, 608.963000
966, 168, 683.684000, 707.329000
966, 210, 682.293000, 711.727000
966, 252, 683.363000, 709.155000
966, 294, 684.396000, 711.016000
966, 336, 777.936000, 811.640000
966, 378, 779.996000, 812.496000
966, 420, 779.182000, 811.909000
966, 462, 779.166000, 812.544000
966, 504, 873.979000, 908.500000
966, 546, 875.079000, 913.727000
966, 588, 876.287000, 910.553000
966, 630, 875.846000, 910.667000
966, 672, 971.353000, 1008.738000
966, 714, 971.788000, 1010.935000
966, 756, 972.054000, 1010.040000
966, 798, 972.266000, 1009.105000
966, 840, 1069.921000, 1109.405000
966, 882, 1067.964000, 1108.601000
966, 924, 1068.452000, 1108.202000
966, 966, 1068.962000, 1107.864000
966, 1008, 1163.526000, 1207.705000
1008, 42, 586.063000, 606.955000
1008, 84, 586.485000, 607.176000
1008, 126, 598.800000, 608.154000
1008, 168, 680.807000, 706.324000
1008, 210, 681.969000, 710.297000
1008, 252, 683.615000, 709.046000
1008, 294, 683.656000, 707.077000
1008, 336, 777.330000, 809.439000
1008, 378, 779.192000, 811.397000
1008, 420, 778.044000, 810.094000
1008, 462, 779.458000, 809.658000
1008, 504, 874.258000, 908.874000
1008, 546, 874.805000, 909.828000
1008, 588, 876.973000, 910.033000
1008, 630, 875.261000, 910.735000
1008, 672, 973.620000, 1008.357000
1008, 714, 970.789000, 1008.970000
1008, 756, 970.910000, 1008.263000
1008, 798, 971.473000, 1008.578000
1008, 840, 1066.101000, 1107.016000
1008, 882, 1067.590000, 1109.617000
1008, 924, 1067.624000, 1107.353000
1008, 966, 1068.030000, 1107.166000
1008, 1008, 1162.512000, 1206.576000
1050, 42, 682.970000, 706.065000
1050, 84, 683.039000, 705.549000
1050, 126, 683.361000, 706.356000
1050, 168, 777.592000, 805.124000
1050, 210, 779.840000, 806.358000
1050, 252, 778.470000, 805.853000
1050, 294, 779.455000, 806.057000
1050, 336, 874.319000, 906.464000
1050, 378, 875.049000, 910.519000
1050, 420, 875.638000, 908.307000
1050, 462, 875.542000, 908.817000
1050, 504, 971.952000, 1008.143000
1050, 546, 972.636000, 1008.882000
1050, 588, 972.027000, 1008.823000
1050, 630, 972.238000, 1008.943000
1050, 672, 1067.955000, 1105.410000
1050, 714, 1068.645000, 1107.538000
1050, 756, 1068.004000, 1106.301000
1050, 798, 1070.136000, 1107.630000
1050, 840, 1165.699000, 1205.218000
1050, 882, 1165.134000, 1206.863000
1050, 924, 1164.325000, 1205.461000
1050, 966, 1164.720000, 1209.726000
1050, 1008, 1261.697000, 1304.554000
1092, 42, 682.680000, 705.928000
1092, 84, 683.111000, 706.074000
1092, 126, 683.374000, 705.545000
1092, 168, 778.147000, 805.811000
1092, 210, 778.500000, 806.205000
1092, 252, 781.886000, 806.871000
1092, 294, 780.424000, 807.215000
1092, 336, 873.426000, 907.387000
1092, 378, 874.725000, 908.425000
1092, 420, 875.718000, 907.694000
1092, 462, 876.671000, 908.112000
1092, 504, 970.685000, 1005.843000
1092, 546, 971.316000, 1010.010000
1092, 588, 971.561000, 1007.989000
1092, 630, 971.964000, 1007.842000
1092, 672, 1068.753000, 1106.455000
1092, 714, 1067.757000, 1107.527000
1092, 756, 1069.224000, 1108.230000
1092, 798, 1069.766000, 1107.808000
1092, 840, 1164.986000, 1205.270000
1092, 882, 1165.177000, 1207.518000
1092, 924, 1164.482000, 1207.274000
1092, 966, 1166.369000, 1207.413000
1092, 1008, 1260.647000, 1304.889000
1134, 42, 683.341000, 705.957000
1134, 84, 682.982000, 706.103000
1134, 126, 683.711000, 707.166000
1134, 168, 778.845000, 806.016000
1134, 210, 778.760000, 807.506000
1134, 252, 779.745000, 808.215000
1134, 294, 780.634000, 807.643000
1134, 336, 874.905000, 907.527000
1134, 378, 877.453000, 910.202000
1134, 420, 875.837000, 908.357000
1134, 462, 876.694000, 909.153000
1134, 504, 972.005000, 1008.478000
1134, 546, 971.270000, 1009.275000
1134, 588, 971.645000, 1009.067000
1134, 630, 972.562000, 1009.130000
1134, 672, 1067.222000, 1108.777000
1134, 714, 1071.419000, 1112.813000
1134, 756, 1070.550000, 1107.690000
1134, 798, 1069.904000, 1108.723000
1134, 840, 1165.035000, 1206.113000
1134, 882, 1164.527000, 1208.555000
1134, 924, 1166.116000, 1207.326000
1134, 966, 1165.606000, 1206.683000
1134, 1008, 1258.907000, 1304.690000
1176, 42, 683.681000, 704.774000
1176, 84, 683.940000, 705.341000
1176, 126, 683.967000, 705.797000
1176, 168, 779.703000, 805.744000
1176, 210, 779.239000, 804.702000
1176, 252, 779.174000, 806.457000
1176, 294, 779.299000, 805.933000
1176, 336, 874.231000, 906.153000
1176, 378, 876.261000, 908.782000
1176, 420, 875.352000, 907.435000
1176, 462, 876.470000, 907.427000
1176, 504, 973.401000, 1007.123000
1176, 546, 971.063000, 1009.569000
1176, 588, 972.644000, 1007.377000
1176, 630, 971.648000, 1009.870000
1176, 672, 1067.240000, 1105.910000
1176, 714, 1067.687000, 1106.762000
1176, 756, 1067.416000, 1105.606000
1176, 798, 1070.144000, 1106.398000
1176, 840, 1163.022000, 1204.040000
1176, 882, 1165.898000, 1206.270000
1176, 924, 1165.195000, 1204.827000
1176, 966, 1167.797000, 1205.878000
1176, 1008, 1259.798000, 1305.167000
1218, 42, 779.381000, 803.907000
1218, 84, 780.536000, 804.762000
1218, 126, 780.711000, 803.808000
1218, 168, 875.070000, 903.489000
1218, 210, 875.547000, 905.543000
1218, 252, 877.073000, 905.881000
1218, 294, 877.211000, 904.227000
1218, 336, 973.251000, 1006.189000
1218, 378, 972.574000, 1006.216000
1218, 420, 971.889000, 1006.330000
1218, 462, 972.428000, 1007.697000
1218, 504, 1067.365000, 1105.563000
1218, 546, 1069.978000, 1106.000000
1218, 588, 1068.810000, 1105.331000
1218, 630, 1069.312000, 1105.947000
1218, 672, 1166.597000, 1203.950000
1218, 714, 1165.030000, 1205.475000
1218, 756, 1165.692000, 1205.484000
1218, 798, 1166.136000, 1205.311000
1218, 840, 1260.357000, 1302.523000
1218, 882, 1261.398000, 1305.146000
1218, 924, 1262.353000, 1304.906000
1218, 966, 1260.652000, 1306.241000
1218, 1008, 1362.178000, 1402.905000
1260, 42, 778.915000, 803.607000
1260, 84, 780.013000, 803.947000
1260, 126, 782.031000, 804.394000
1260, 168, 874.530000, 903.321000
1260, 210, 875.536000, 904.534000
1260, 252, 876.526000, 904.030000
1260, 294, 876.429000, 905.322000
1260, 336, 971.958000, 1005.624000
1260, 378, 972.098000, 1009.671000
1260, 420, 973.349000, 1006.526000
1260, 462, 972.862000, 1006.170000
1260, 504, 1067.072000, 1104.647000
1260, 546, 1068.373000, 1109.902000
1260, 588, 1070.938000, 1106.742000
1260, 630, 1068.782000, 1107.490000
1260, 672, 1163.882000, 1204.070000
1260, 714, 1166.661000, 1205.094000
1260, 756, 1166.005000, 1207.033000
1260, 798, 1166.060000, 1205.510000
1260, 840, 1259.651000, 1303.627000
1260, 882, 1261.191000, 1305.673000
1260, 924, 1261.961000, 1304.199000
1260, 966, 1263.523000, 1305.377000
1260, 1008, 1357.131000, 1403.643000
1302, 42, 779.642000, 804.564000
1302, 84, 781.649000, 804.263000
1302, 126, 780.200000, 805.183000
1302, 168, 876.590000, 911.693000
1302, 210, 879.892000, 906.526000
1302, 252, 876.820000, 905.269000
1302, 294, 877.763000, 905.618000
1302, 336, 972.563000, 1006.870000
1302, 378, 974.093000, 1007.364000
1302, 420, 973.996000, 1005.931000
1302, 462, 975.942000, 1007.708000
1302, 504, 1067.277000, 1105.794000
1302, 546, 1069.020000, 1107.371000
1302, 588, 1068.924000, 1108.759000
1302, 630, 1069.662000, 1106.139000
1302, 672, 1165.666000, 1205.152000
1302, 714, 1166.765000, 1207.125000
1302, 756, 1167.548000, 1205.162000
1302, 798, 1166.826000, 1206.117000
1302, 840, 1261.399000, 1304.463000
1302, 882, 1261.371000, 1305.811000
1302, 924, 1261.439000, 1304.744000
1302, 966, 1262.824000, 1305.254000
1302, 1008, 1358.054000, 1405.365000
1344, 42, 779.390000, 802.920000
1344, 84, 781.632000, 803.558000
1344, 126, 780.484000, 803.864000
1344, 168, 877.067000, 902.456000
1344, 210, 875.846000, 905.991000
1344, 252, 876.686000, 906.037000
1344, 294, 877.272000, 903.754000
1344, 336, 971.798000, 1004.597000
1344, 378, 971.752000, 1004.785000
1344, 420, 972.267000, 1006.489000
1344, 462, 973.556000, 1006.763000
1344, 504, 1067.531000, 1106.406000
1344, 546, 1068.904000, 1106.690000
1344, 588, 1068.488000, 1105.525000
1344, 630, 1068.422000, 1105.282000
1344, 672, 1165.119000, 1206.183000
1344, 714, 1165.230000, 1205.262000
1344, 756, 1166.189000, 1204.462000
1344, 798, 1166.772000, 1206.069000
1344, 840, 1260.941000, 1303.143000
1344, 882, 1263.729000, 1305.034000
1344, 924, 1264.202000, 1303.086000
1344, 966, 1262.097000, 1303.895000
1344, 1008, 1356.351000, 1401.245000
1386, 42, 876.104000, 903.383000
1386, 84, 879.000000, 902.878000
1386, 126, 877.314000, 901.800000
1386, 168, 972.143000, 1001.006000
1386, 210, 973.942000, 1001.879000
1386, 252, 973.593000, 1003.902000
1386, 294, 981.170000, 1004.370000
1386, 336, 1067.330000, 1102.941000
1386, 378, 1068.796000, 1105.930000
1386, 420, 1069.521000, 1104.244000
1386, 462, 1072.065000, 1104.052000
1386, 504, 1164.424000, 1203.846000
1386, 546, 1165.486000, 1205.374000
1386, 588, 1164.749000, 1207.302000
1386, 630, 1167.107000, 1211.855000
1386, 672, 1268.486000, 1308.435000
1386, 714, 1271.945000, 1307.777000
1386, 756, 1262.716000, 1303.972000
1386, 798, 1262.662000, 1303.578000
1386, 840, 1355.731000, 1402.413000
1386, 882, 1358.183000, 1402.395000
1386, 924, 1358.243000, 1401.971000
1386, 966, 1358.656000, 1403.308000
1386, 1008, 1452.922000, 1500.914000
1428, 42, 877.730000, 902.203000
1428, 84, 876.847000, 902.913000
1428, 126, 876.902000, 902.434000
1428, 168, 973.737000, 1001.432000
1428, 210, 973.225000, 1002.447000
1428, 252, 973.729000, 1003.705000
1428, 294, 973.315000, 1004.252000
1428, 336, 1068.779000, 1103.196000
1428, 378, 1069.280000, 1106.761000
1428, 420, 1070.565000, 1105.337000
1428, 462, 1070.257000, 1104.437000
1428, 504, 1166.642000, 1203.049000
1428, 546, 1166.625000, 1205.377000
1428, 588, 1165.921000, 1203.945000
1428, 630, 1166.662000, 1205.166000
1428, 672, 1263.528000, 1303.320000
1428, 714, 1263.254000, 1304.419000
1428, 756, 1260.983000, 1302.711000
1428, 798, 1262.162000, 1302.952000
1428, 840, 1357.510000, 1402.014000
1428, 882, 1359.931000, 1409.554000
1428, 924, 1366.965000, 1409.541000
1428, 966, 1366.203000, 1409.505000
1428, 1008, 1461.209000, 1502.008000
1470, 42, 879.254000, 902.581000
1470, 84, 876.850000, 903.140000
1470, 126, 878.838000, 904.355000
1470, 168, 973.239000, 1001.718000
1470, 210, 973.832000, 1002.793000
1470, 252, 974.125000, 1004.265000
1470, 294, 974.235000, 1003.602000
1470, 336, 1068.324000, 1104.921000
1470, 378, 1071.569000, 1105.964000
1470, 420, 1070.801000, 1106.013000
1470, 462, 1070.801000, 1106.351000
1470, 504, 1164.981000, 1203.433000
1470, 546, 1164.632000, 1204.495000
1470, 588, 1166.266000, 1203.557000
1470, 630, 1167.734000, 1205.076000
1470, 672, 1261.245000, 1303.351000
1470, 714, 1262.862000, 1304.495000
1470, 756, 1261.479000, 1303.649000
1470, 798, 1263.121000, 1304.184000
1470, 840, 1357.890000, 1401.689000
1470, 882, 1358.227000, 1403.644000
1470, 924, 1358.641000, 1402.328000
1470, 966, 1360.155000, 1403.615000
1470, 1008, 1456.440000, 1501.678000
1512, 42, 875.940000, 901.541000
1512, 84, 879.265000, 901.092000
1512, 126, 877.563000, 901.965000
1512, 168, 972.571000, 1000.596000
1512, 210, 972.458000, 1001.460000
1512, 252, 972.931000, 1001.329000
1512, 294, 974.490000, 1001.360000
1512, 336, 1069.772000, 1102.756000
1512, 378, 1071.828000, 1104.304000
1512, 420, 1068.977000, 1112.498000
1512, 462, 1070.718000, 1104.677000
1512, 504, 1163.715000, 1212.828000
1512, 546, 1167.868000, 1204.343000
1512, 588, 1165.286000, 1206.033000
1512, 630, 1167.178000, 1210.999000
1512, 672, 1264.132000, 1300.940000
1512, 714, 1261.701000, 1303.636000
1512, 756, 1261.175000, 1302.741000
1512, 798, 1263.279000, 1304.257000
1512, 840, 1357.237000, 1400.928000
1512, 882, 1357.300000, 1402.699000
1512, 924, 1359.081000, 1404.139000
1512, 966, 1369.157000, 1406.821000
1512, 1008, 1452.782000, 1499.936000
1554, 42, 975.705000, 1007.499000
1554, 84, 975.141000, 1000.295000
1554, 126, 975.112000, 1000.730000
1554, 168, 1069.996000, 1108.666000
1554, 210, 1070.502000, 1099.284000
1554, 252, 1071.469000, 1100.292000
1554, 294, 1076.124000, 1101.992000
1554, 336, 1166.015000, 1202.294000
1554, 378, 1167.169000, 1203.117000
1554, 420, 1166.114000, 1212.221000
1554, 462, 1166.568000, 1202.567000
1554, 504, 1262.296000, 1300.212000
1554, 546, 1262.271000, 1305.305000
1554, 588, 1262.252000, 1301.902000
1554, 630, 1263.523000, 1303.174000
1554, 672, 1371.443000, 1406.371000
1554, 714, 1358.664000, 1401.461000
1554, 756, 1359.431000, 1400.899000
1554, 798, 1366.790000, 1402.554000
1554, 840, 1459.968000, 1503.436000
1554, 882, 1457.015000, 1502.163000
1554, 924, 1455.797000, 1503.578000
1554, 966, 1467.005000, 1501.009000
1554, 1008, 1550.100000, 1598.207000
1596, 42, 973.094000, 1000.233000
1596, 84, 973.839000, 1000.665000
1596, 126, 984.581000, 1007.720000
1596, 168, 1080.669000, 1115.786000
1596, 210, 1080.628000, 1101.479000
1596, 252, 1073.369000, 1100.930000
1596, 294, 1070.621000, 1121.230000
1596, 336, 1184.540000, 1203.394000
1596, 378, 1166.814000, 1218.458000
1596, 420, 1167.969000, 1205.502000
1596, 462, 1168.698000, 1204.129000
1596, 504, 1261.914000, 1301.588000
1596, 546, 1261.092000, 1309.260000
1596, 588, 1271.364000, 1306.677000
1596, 630, 1266.234000, 1314.427000
1596, 672, 1361.259000, 1400.853000
1596, 714, 1359.743000, 1413.209000
1596, 756, 1360.170000, 1409.616000
1596, 798, 1362.284000, 1408.126000
1596, 840, 1462.870000, 1506.405000
1596, 882, 1472.756000, 1504.591000
1596, 924, 1466.635000, 1508.630000
1596, 966, 1457.413000, 1502.045000
1596, 1008, 1559.346000, 1601.763000
1638, 42, 973.495000, 1001.136000
1638, 84, 983.723000, 1001.841000
1638, 126, 977.087000, 1000.661000
1638, 168, 1069.529000, 1100.379000
1638, 210, 1069.187000, 1108.738000
1638, 252, 1077.678000, 1102.692000
1638, 294, 1070.689000, 1101.321000
1638, 336, 1165.899000, 1202.043000
1638, 378, 1174.028000, 1204.640000
1638, 420, 1174.061000, 1202.828000
1638, 462, 1167.132000, 1216.585000
1638, 504, 1264.325000, 1302.626000
1638, 546, 1268.680000, 1302.257000
1638, 588, 1262.644000, 1302.542000
1638, 630, 1262.552000, 1302.954000
1638, 672, 1360.353000, 1402.082000
1638, 714, 1359.630000, 1403.134000
1638, 756, 1361.699000, 1403.304000
1638, 798, 1360.533000, 1402.918000
1638, 840, 1455.050000, 1500.774000
1638, 882, 1456.083000, 1500.623000
1638, 924, 1455.978000, 1502.471000
1638, 966, 1457.908000, 1501.959000
1638, 1008, 1553.335000, 1599.647000
1680, 42, 980.372000, 1000.416000
1680, 84, 975.394000, 998.899000
1680, 126, 974.106000, 999.350000
1680, 168, 1069.175000, 1111.534000
1680, 210, 1071.998000, 1101.570000
1680, 252, 1070.142000, 1100.118000
1680, 294, 1070.176000, 1100.047000
1680, 336, 1173.593000, 1201.755000
1680, 378, 1167.308000, 1202.520000
1680, 420, 1173.402000, 1202.722000
1680, 462, 1166.347000, 1202.403000
1680, 504, 1269.342000, 1301.467000
1680, 546, 1262.913000, 1308.867000
1680, 588, 1264.308000, 1301.574000
1680, 630, 1263.755000, 1312.530000
1680, 672, 1362.178000, 1399.370000
1680, 714, 1358.430000, 1408.202000
1680, 756, 1358.612000, 1407.209000
1680, 798, 1361.777000, 1400.053000
1680, 840, 1454.743000, 1501.013000
1680, 882, 1456.019000, 1506.666000
1680, 924, 1458.237000, 1500.024000
1680, 966, 1456.004000, 1499.288000
1680, 1008, 1552.236000, 1598.654000
1722, 42, 1077.544000, 1101.548000
1722, 84, 1072.235000, 1104.905000
1722, 126, 1075.711000, 1106.915000
1722, 168, 1172.861000, 1204.188000
1722, 210, 1173.751000, 1210.703000
1722, 252, 1175.262000, 1204.244000
1722, 294, 1176.067000, 1208.418000
1722, 336, 1265.222000, 1303.297000
1722, 378, 1269.594000, 1300.140000
1722, 420, 1264.320000, 1300.876000
1722, 462, 1265.918000, 1301.823000
1722, 504, 1360.906000, 1401.557000
1722, 546, 1360.208000, 1401.280000
1722, 588, 1360.482000, 1399.393000
1722, 630, 1359.022000, 1401.645000
1722, 672, 1454.998000, 1498.432000
1722, 714, 1458.101000, 1500.134000
1722, 756, 1456.279000, 1503.860000
1722, 798, 1462.819000, 1513.211000
1722, 840, 1561.815000, 1606.995000
1722, 882, 1559.391000, 1598.760000
1722, 924, 1558.575000, 1607.636000
1722, 966, 1554.417000, 1600.169000
1722, 1008, 1653.087000, 1699.076000
1764, 42, 1070.373000, 1098.177000
1764, 84, 1071.815000, 1099.198000
1764, 126, 1084.090000, 1102.370000
1764, 168, 1168.606000, 1200.398000
1764, 210, 1167.828000, 1205.588000
1764, 252, 1167.932000, 1198.580000
1764, 294, 1168.583000, 1197.721000
1764, 336, 1263.407000, 1299.578000
1764, 378, 1263.153000, 1305.915000
1764, 420, 1271.092000, 1310.318000
1764, 462, 1268.650000, 1310.534000
1764, 504, 1364.797000, 1401.194000
1764, 546, 1361.548000, 1402.568000
1764, 588, 1359.129000, 1410.223000
1764, 630, 1361.284000, 1400.805000
1764, 672, 1455.605000, 1505.899000
1764, 714, 1457.488000, 1503.379000
1764, 756, 1456.363000, 1499.444000
1764, 798, 1456.910000, 1499.443000
1764, 840, 1561.532000, 1604.396000
1764, 882, 1555.468000, 1606.916000
1764, 924, 1552.868000, 1598.367000
1764, 966, 1552.968000, 1598.841000
1764, 1008, 1647.463000, 1705.259000
1806, 42, 1071.009000, 1098.934000
1806, 84, 1072.464000, 1098.710000
1806, 126, 1073.069000, 1102.207000
1806, 168, 1166.919000, 1197.341000
1806, 210, 1168.994000, 1198.619000
1806, 252, 1167.978000, 1199.489000
1806, 294, 1168.530000, 1207.558000
1806, 336, 1263.770000, 1301.775000
1806, 378, 1262.917000, 1302.446000
1806, 420, 1263.847000, 1309.404000
1806, 462, 1264.853000, 1300.993000
1806, 504, 1358.525000, 1400.651000
1806, 546, 1360.125000, 1402.927000
1806, 588, 1360.100000, 1402.429000
1806, 630, 1361.159000, 1401.229000
1806, 672, 1455.526000, 1498.711000
1806, 714, 1456.753000, 1509.181000
1806, 756, 1461.258000, 1501.220000
1806, 798, 1458.003000, 1507.027000
1806, 840, 1551.297000, 1598.317000
1806, 882, 1552.905000, 1600.436000
1806, 924, 1553.707000, 1602.578000
1806, 966, 1562.457000, 1600.198000
1806, 1008, 1648.590000, 1698.451000
1848, 42, 1071.161000, 1096.982000
1848, 84, 1070.617000, 1097.260000
1848, 126, 1070.948000, 1098.933000
1848, 168, 1167.214000, 1198.431000
1848, 210, 1167.100000, 1200.048000
1848, 252, 1166.112000, 1199.903000
1848, 294, 1167.398000, 1198.769000
1848, 336, 1261.743000, 1298.731000
1848, 378, 1264.975000, 1300.852000
1848, 420, 1262.633000, 1300.881000
1848, 462, 1264.931000, 1301.484000
1848, 504, 1358.864000, 1398.309000
1848, 546, 1358.696000, 1400.447000
1848, 588, 1359.959000, 1400.005000
1848, 630, 1360.056000, 1400.250000
1848, 672, 1454.735000, 1497.026000
1848, 714, 1456.029000, 1499.493000
1848, 756, 1456.422000, 1508.562000
1848, 798, 1457.939000, 1501.321000
1848, 840, 1551.950000, 1597.834000
1848, 882, 1559.349000, 1604.071000
1848, 924, 1552.055000, 1623.173000
1848, 966, 1592.012000, 1657.620000
1848, 1008, 1682.917000, 1719.692000
1890, 42, 1198.971000, 1236.473000
1890, 84, 1198.589000, 1239.782000
1890, 126, 1196.059000, 1235.041000
1890, 168, 1285.421000, 1305.173000
1890, 210, 1268.951000, 1327.666000
1890, 252, 1280.383000, 1310.576000
1890, 294, 1297.071000, 1353.500000
1890, 336, 1395.331000, 1416.764000
1890, 378, 1380.216000, 1410.255000
1890, 420, 1360.571000, 1398.338000
1890, 462, 1360.289000, 1402.580000
1890, 504, 1475.445000, 1501.568000
1890, 546, 1458.069000, 1517.868000
1890, 588, 1460.144000, 1502.049000
1890, 630, 1457.806000, 1499.097000
1890, 672, 1554.289000, 1597.815000
1890, 714, 1553.843000, 1602.444000
1890, 756, 1556.218000, 1600.018000
1890, 798, 1554.212000, 1598.778000
1890, 840, 1648.008000, 1697.778000
1890, 882, 1648.883000, 1696.987000
1890, 924, 1650.325000, 1699.915000
1890, 966, 1650.243000, 1697.100000
1890, 1008, 1745.810000, 1796.038000
1932, 42, 1167.505000, 1196.575000
1932, 84, 1168.144000, 1197.466000
1932, 126, 1168.534000, 1197.727000
1932, 168, 1262.496000, 1297.283000
1932, 210, 1262.918000, 1298.374000
1932, 252, 1264.547000, 1298.529000
1932, 294, 1265.743000, 1300.546000
1932, 336, 1361.978000, 1397.891000
1932, 378, 1362.376000, 1400.479000
1932, 420, 1360.211000, 1400.410000
1932, 462, 1360.808000, 1399.383000
1932, 504, 1454.712000, 1498.146000
1932, 546, 1455.448000, 1500.157000
1932, 588, 1457.463000, 1498.375000
1932, 630, 1458.147000, 1498.970000
1932, 672, 1552.403000, 1597.775000
1932, 714, 1554.210000, 1605.902000
1932, 756, 1599.188000, 1637.678000
1932, 798, 1585.981000, 1636.144000
1932, 840, 1681.230000, 1730.148000
1932, 882, 1683.464000, 1732.649000
1932, 924, 1685.059000, 1748.759000
1932, 966, 1697.064000, 1730.686000
1932, 1008, 1782.434000, 1833.676000
1974, 42, 1195.694000, 1214.131000
1974, 84, 1195.164000, 1224.199000
1974, 126, 1193.362000, 1218.662000
1974, 168, 1271.381000, 1307.005000
1974, 210, 1269.856000, 1300.900000
1974, 252, 1282.490000, 1348.097000
1974, 294, 1289.165000, 1302.760000
1974, 336, 1381.807000, 1407.131000
1974, 378, 1388.387000, 1406.979000
1974, 420, 1360.467000, 1402.633000
1974, 462, 1361.714000, 1400.657000
1974, 504, 1489.767000, 1530.183000
1974, 546, 1498.793000, 1559.068000
1974, 588, 1518.290000, 1544.681000
1974, 630, 1471.798000, 1569.645000
1974, 672, 1602.772000, 1625.500000
1974, 714, 1625.320000, 1632.324000
1974, 756, 1592.771000, 1624.520000
1974, 798, 1590.625000, 1629.866000
1974, 840, 1663.341000, 1726.472000
1974, 882, 1677.190000, 1710.425000
1974, 924, 1650.616000, 1763.384000
1974, 966, 1688.973000, 1732.542000
1974, 1008, 1774.018000, 1800.237000
2016, 42, 1179.040000, 1201.719000
2016, 84, 1203.235000, 1212.202000
2016, 126, 1184.327000, 1200.993000
2016, 168, 1271.737000, 1295.492000
2016, 210, 1264.187000, 1296.808000
2016, 252, 1283.459000, 1324.937000
2016, 294, 1293.391000, 1333.545000
2016, 336, 1388.067000, 1425.929000
2016, 378, 1384.555000, 1430.934000
2016, 420, 1388.278000, 1423.810000
2016, 462, 1369.853000, 1406.594000
2016, 504, 1460.091000, 1553.561000
2016, 546, 1483.136000, 1505.788000
2016, 588, 1468.539000, 1533.019000
2016, 630, 1487.778000, 1532.748000
2016, 672, 1581.246000, 1630.702000
2016, 714, 1594.204000, 1635.440000
2016, 756, 1571.524000, 1612.590000
2016, 798, 1558.935000, 1661.140000
2016, 840, 1664.522000, 1752.771000
2016, 882, 1714.233000, 1737.696000
2016, 924, 1675.810000, 1708.316000
2016, 966, 1655.306000, 1705.498000
2016, 1008, 1758.609000, 1812.213000
2058, 42, 1270.226000, 1304.143000
2058, 84, 1286.388000, 1315.804000
2058, 126, 1304.661000, 1354.354000
2058, 168, 1423.789000, 1442.254000
2058, 210, 1405.809000, 1433.239000
2058, 252, 1418.959000, 1473.865000
2058, 294, 1464.877000, 1497.395000
2058, 336, 1531.139000, 1589.987000
2058, 378, 1526.338000, 1581.677000
2058, 420, 1567.158000, 1569.459000
2058, 462, 1548.191000, 1590.394000
2058, 504, 1627.071000, 1708.951000
2058, 546, 1640.273000, 1678.944000
2058, 588, 1647.179000, 1686.300000
2058, 630, 1652.957000, 1728.430000
2058, 672, 1832.465000, 1851.395000
2058, 714, 1825.004000, 1797.984000
2058, 756, 1717.745000, 1770.212000
2058, 798, 1748.502000, 1735.304000
2058, 840, 1783.954000, 1854.881000
2058, 882, 1762.497000, 1797.862000
2058, 924, 1760.046000, 1803.777000
2058, 966, 1762.816000, 1806.260000
2058, 1008, 1901.213000, 2033.864000
2100, 42, 1301.556000, 1335.358000
2100, 84, 1302.093000, 1308.035000
2100, 126, 1278.071000, 1295.884000
2100, 168, 1360.506000, 1394.972000
2100, 210, 1366.955000, 1403.598000
2100, 252, 1430.975000, 1419.985000
2100, 294, 1367.625000, 1395.227000
2100, 336, 1456.689000, 1498.519000
2100, 378, 1470.015000, 1505.913000
2100, 420, 1458.635000, 1499.859000
2100, 462, 1459.993000, 1497.525000
2100, 504, 1553.371000, 1598.034000
2100, 546, 1552.899000, 1598.710000
2100, 588, 1554.108000, 1596.557000
2100, 630, 1553.591000, 1622.287000
2100, 672, 1680.888000, 1741.254000
2100, 714, 1706.567000, 1731.776000
2100, 756, 1720.000000, 1760.279000
2100, 798, 1714.385000, 1732.625000
2100, 840, 1778.073000, 1796.975000
2100, 882, 1747.691000, 1795.701000
2100, 924, 1746.303000, 1796.320000
2100, 966, 1748.718000, 1796.250000
2100, 1008, 1843.449000, 1895.881000
2142, 42, 1264.837000, 1310.475000
2142, 84, 1266.782000, 1296.444000
2142, 126, 1270.941000, 1297.668000
2142, 168, 1360.312000, 1395.743000
2142, 210, 1362.466000, 1396.438000
2142, 252, 1359.884000, 1396.676000
2142, 294, 1362.411000, 1397.708000
2142, 336, 1457.011000, 1496.803000
2142, 378, 1457.498000, 1498.965000
2142, 420, 1458.811000, 1499.242000
2142, 462, 1468.181000, 1509.456000
2142, 504, 1554.584000, 1599.115000
2142, 546, 1554.778000, 1597.904000
2142, 588, 1555.111000, 1597.168000
2142, 630, 1554.433000, 1598.474000
2142, 672, 1651.510000, 1696.012000
2142, 714, 1653.609000, 1700.227000
2142, 756, 1652.110000, 1701.430000
2142, 798, 1652.231000, 1711.626000
2142, 840, 1749.735000, 1795.260000
2142, 882, 1746.916000, 1795.755000
2142, 924, 1746.919000, 1795.497000
2142, 966, 1746.791000, 1796.880000
2142, 1008, 1858.893000, 1933.224000
2184, 42, 1297.824000, 1312.135000
2184, 84, 1288.235000, 1321.684000
2184, 126, 1274.438000, 1303.421000
2184, 168, 1371.201000, 1406.653000
2184, 210, 1363.650000, 1396.571000
2184, 252, 1361.666000, 1395.028000
2184, 294, 1362.634000, 1395.130000
2184, 336, 1454.789000, 1494.650000
2184, 378, 1456.836000, 1496.412000
2184, 420, 1475.913000, 1521.515000
2184, 462, 1493.938000, 1530.540000
2184, 504, 1621.958000, 1623.144000
2184, 546, 1570.392000, 1618.743000
2184, 588, 1555.215000, 1596.389000
2184, 630, 1555.365000, 1596.981000
2184, 672, 1651.854000, 1695.594000
2184, 714, 1650.775000, 1695.601000
2184, 756, 1650.360000, 1694.900000
2184, 798, 1649.619000, 1734.510000
2184, 840, 1783.805000, 1842.486000
2184, 882, 1819.850000, 1860.759000
2184, 924, 1797.057000, 1858.831000
2184, 966, 1806.394000, 1873.126000
2184, 1008, 1990.297000, 2024.314000
2226, 42, 1481.879000, 1456.471000
2226, 84, 1460.131000, 1462.442000
2226, 126, 1407.617000, 1443.154000
2226, 168, 1491.125000, 1526.716000
2226, 210, 1494.965000, 1583.917000
2226, 252, 1536.767000, 1535.278000
2226, 294, 1550.220000, 1574.600000
2226, 336, 1610.612000, 1639.162000
2226, 378, 1580.569000, 1624.373000
2226, 420, 1558.249000, 1602.420000
2226, 462, 1565.314000, 1601.995000
2226, 504, 1656.619000, 1753.962000
2226, 546, 1780.907000, 1814.117000
2226, 588, 1766.045000, 1736.107000
2226, 630, 1736.784000, 1731.650000
2226, 672, 1830.694000, 1905.311000
2226, 714, 1855.422000, 1917.550000
2226, 756, 1883.728000, 1906.689000
2226, 798, 1881.924000, 1922.337000
2226, 840, 1961.950000, 1973.426000
2226, 882, 1939.293000, 1989.463000
2226, 924, 1940.570000, 2013.583000
2226, 966, 1957.529000, 1968.977000
2226, 1008, 2046.537000, 2069.515000
2268, 42, 1418.678000, 1417.570000
2268, 84, 1362.896000, 1394.885000
2268, 126, 1362.522000, 1396.805000
2268, 168, 1457.342000, 1494.130000
2268, 210, 1475.282000, 1525.363000
2268, 252, 1519.835000, 1537.961000
2268, 294, 1514.875000, 1561.054000
2268, 336, 1586.113000, 1612.902000
2268, 378, 1557.414000, 1606.928000
2268, 420, 1590.766000, 1657.830000
2268, 462, 1631.232000, 1697.589000
2268, 504, 1762.433000, 1791.361000
2268, 546, 1707.803000, 1755.784000
2268, 588, 1684.301000, 1716.691000
2268, 630, 1676.809000, 1727.888000
2268, 672, 1778.143000, 1856.469000
2268, 714, 1806.367000, 1875.489000
2268, 756, 1785.336000, 1867.617000
2268, 798, 1784.728000, 1870.606000
2268, 840, 1879.395000, 1936.866000
2268, 882, 1908.379000, 1927.538000
2268, 924, 1914.914000, 1903.613000
2268, 966, 1845.291000, 1894.080000
2268, 1008, 1938.392000, 1991.408000
2310, 42, 1360.972000, 1393.948000
2310, 84, 1362.579000, 1402.978000
2310, 126, 1391.594000, 1449.049000
2310, 168, 1528.609000, 1589.416000
2310, 210, 1554.044000, 1599.223000
2310, 252, 1542.505000, 1586.062000
2310, 294, 1493.394000, 1563.644000
2310, 336, 1594.275000, 1621.373000
2310, 378, 1623.713000, 1632.024000
2310, 420, 1599.935000, 1644.445000
2310, 462, 1588.601000, 1663.926000
2310, 504, 1690.473000, 1752.593000
2310, 546, 1696.565000, 1745.197000
2310, 588, 1712.754000, 1728.211000
2310, 630, 1694.185000, 1763.560000
2310, 672, 1782.590000, 1804.615000
2310, 714, 1756.486000, 1795.929000
2310, 756, 1771.443000, 1828.324000
2310, 798, 1775.492000, 1860.063000
2310, 840, 1876.917000, 1937.544000
2310, 882, 1904.354000, 1929.297000
2310, 924, 1892.433000, 1939.681000
2310, 966, 1882.949000, 1947.824000
2310, 1008, 1977.636000, 2060.679000
2352, 42, 1378.696000, 1416.142000
2352, 84, 1391.423000, 1450.020000
2352, 126, 1385.021000, 1422.356000
2352, 168, 1513.506000, 1537.090000
2352, 210, 1487.948000, 1566.275000
2352, 252, 1485.048000, 1560.837000
2352, 294, 1495.728000, 1519.288000
2352, 336, 1575.024000, 1613.044000
2352, 378, 1596.726000, 1633.882000
2352, 420, 1594.191000, 1626.893000
2352, 462, 1584.885000, 1641.690000
2352, 504, 1701.555000, 1776.760000
2352, 546, 1718.229000, 1760.496000
2352, 588, 1718.572000, 1729.176000
2352, 630, 1691.398000, 1766.681000
2352, 672, 1785.259000, 1823.684000
2352, 714, 1779.240000, 1868.991000
2352, 756, 1779.496000, 1820.807000
2352, 798, 1783.407000, 1866.277000
2352, 840, 1913.790000, 1921.028000
2352, 882, 1845.736000, 1908.256000
2352, 924, 1882.661000, 1966.509000
2352, 966, 1882.615000, 1955.839000
2352, 1008, 1943.433000, 1993.515000
2394, 42, 1466.237000, 1532.770000
2394, 84, 1523.299000, 1539.055000
2394, 126, 1513.433000, 1524.367000
2394, 168, 1555.406000, 1590.323000
2394, 210, 1583.157000, 1624.383000
2394, 252, 1581.599000, 1659.868000
2394, 294, 1588.048000, 1660.630000
2394, 336, 1689.507000, 1711.307000
2394, 378, 1649.992000, 1694.621000
2394, 420, 1682.707000, 1739.986000
2394, 462, 1706.596000, 1730.188000
2394, 504, 1783.646000, 1853.829000
2394, 546, 1782.424000, 1820.029000
2394, 588, 1773.459000, 1819.102000
2394, 630, 1765.933000, 1843.887000
2394, 672, 1890.301000, 1922.276000
2394, 714, 1870.310000, 1909.748000
2394, 756, 1880.484000, 1903.502000
2394, 798, 1876.654000, 1928.484000
2394, 840, 2000.038000, 1992.917000
2394, 882, 1948.226000, 2021.681000
2394, 924, 1968.768000, 2018.918000
2394, 966, 1975.066000, 2026.956000
2394, 1008, 2078.706000, 2130.564000
2436, 42, 1494.218000, 1551.145000
2436, 84, 1483.177000, 1492.724000
2436, 126, 1460.825000, 1492.426000
2436, 168, 1553.295000, 1593.997000
2436, 210, 1589.765000, 1625.756000
2436, 252, 1619.904000, 1628.722000
2436, 294, 1616.366000, 1626.618000
2436, 336, 1705.993000, 1748.313000
2436, 378, 1679.147000, 1778.367000
2436, 420, 1724.630000, 1739.882000
2436, 462, 1704.411000, 1759.598000
2436, 504, 1782.094000, 1825.304000
2436, 546, 1749.406000, 1795.441000
2436, 588, 1756.841000, 1827.841000
2436, 630, 1783.525000, 1827.965000
2436, 672, 1893.773000, 1945.013000
2436, 714, 1844.823000, 1893.552000
2436, 756, 1860.365000, 1932.359000
2436, 798, 1884.978000, 1893.619000
2436, 840, 1951.958000, 1991.111000
2436, 882, 1941.849000, 2002.431000
2436, 924, 1950.760000, 2002.492000
2436, 966, 1966.300000, 2044.128000
2436, 1008, 2055.754000, 2102.663000
2478, 42, 1467.531000, 1495.064000
2478, 84, 1469.028000, 1531.224000
2478, 126, 1494.240000, 1523.076000
2478, 168, 1630.668000, 1688.850000
2478, 210, 1602.231000, 1643.332000
2478, 252, 1582.098000, 1643.906000
2478, 294, 1630.321000, 1625.055000
2478, 336, 1693.895000, 1729.959000
2478, 378, 1667.413000, 1748.992000
2478, 420, 1664.109000, 1695.259000
2478, 462, 1654.221000, 1730.127000
2478, 504, 1796.700000, 1890.520000
2478, 546, 1814.049000, 1851.961000
2478, 588, 1799.826000, 1827.811000
2478, 630, 1785.839000, 1843.797000
2478, 672, 1897.597000, 1915.671000
2478, 714, 1844.821000, 1893.377000
2478, 756, 1849.568000, 1928.601000
2478, 798, 1908.778000, 1933.421000
2478, 840, 1986.440000, 2025.282000
2478, 882, 1951.438000, 1999.121000
2478, 924, 1947.411000, 2017.068000
2478, 966, 1957.280000, 1996.620000
2478, 1008, 2043.758000, 2101.284000
2520, 42, 1463.446000, 1564.578000
2520, 84, 1471.514000, 1511.181000
2520, 126, 1472.134000, 1535.978000
2520, 168, 1557.222000, 1591.252000
2520, 210, 1556.064000, 1589.813000
2520, 252, 1558.482000, 1592.032000
2520, 294, 1555.988000, 1591.302000
2520, 336, 1650.299000, 1691.880000
2520, 378, 1649.880000, 1693.693000
2520, 420, 1651.793000, 1692.340000
2520, 462, 1651.114000, 1693.953000
2520, 504, 1746.637000, 1794.574000
2520, 546, 1748.209000, 1794.770000
2520, 588, 1748.901000, 1792.770000
2520, 630, 1749.023000, 1793.975000
2520, 672, 1843.036000, 1892.423000
2520, 714, 1843.613000, 1891.095000
2520, 756, 1847.014000, 1891.063000
2520, 798, 1845.281000, 1894.412000
2520, 840, 1938.850000, 2010.234000
2520, 882, 1978.027000, 2070.196000
2520, 924, 2013.096000, 2035.081000
2520, 966, 1944.494000, 1991.271000
2520, 1008, 2034.673000, 2090.638000
2562, 42, 1555.204000, 1595.813000
2562, 84, 1555.014000, 1588.917000
2562, 126, 1556.045000, 1590.435000
2562, 168, 1652.545000, 1687.686000
2562, 210, 1650.781000, 1689.023000
2562, 252, 1650.774000, 1688.404000
2562, 294, 1652.726000, 1691.158000
2562, 336, 1746.004000, 1808.350000
2562, 378, 1813.628000, 1856.435000
2562, 420, 1817.558000, 1865.036000
2562, 462, 1811.662000, 1833.280000
2562, 504, 1877.707000, 1917.841000
2562, 546, 1890.044000, 1913.160000
2562, 588, 1855.988000, 1900.689000
2562, 630, 1845.340000, 1891.813000
2562, 672, 1940.536000, 1998.832000
2562, 714, 1941.093000, 2007.621000
2562, 756, 1952.012000, 2040.826000
2562, 798, 1988.749000, 2072.738000
2562, 840, 2192.920000, 2213.500000
2562, 882, 2159.556000, 2164.883000
2562, 924, 2093.780000, 2172.762000
2562, 966, 2040.996000, 2114.339000
2562, 1008, 2173.995000, 2234.756000
2604, 42, 1631.074000, 1625.168000
2604, 84, 1566.049000, 1591.732000
2604, 126, 1555.717000, 1589.687000
2604, 168, 1652.672000, 1715.788000
2604, 210, 1653.724000, 1691.403000
2604, 252, 1661.139000, 1713.137000
2604, 294, 1684.824000, 1721.655000
2604, 336, 1811.403000, 1865.189000
2604, 378, 1813.668000, 1846.332000
2604, 420, 1779.034000, 1807.900000
2604, 462, 1751.362000, 1791.731000
2604, 504, 1844.120000, 1891.758000
2604, 546, 1843.914000, 1892.216000
2604, 588, 1846.316000, 1896.519000
2604, 630, 1861.739000, 1906.597000
2604, 672, 1941.822000, 1989.007000
2604, 714, 1944.151000, 1991.067000
2604, 756, 1942.304000, 1991.468000
2604, 798, 1942.059000, 1991.389000
2604, 840, 2037.458000, 2089.437000
2604, 882, 2037.976000, 2090.906000
2604, 924, 2038.999000, 2091.351000
2604, 966, 2042.801000, 2113.680000
2604, 1008, 2131.716000, 2187.824000
2646, 42, 1555.737000, 1589.439000
2646, 84, 1556.226000, 1590.809000
2646, 126, 1555.862000, 1590.449000
2646, 168, 1653.302000, 1688.636000
2646, 210, 1651.977000, 1690.454000
2646, 252, 1652.349000, 1690.287000
2646, 294, 1653.442000, 1690.603000
2646, 336, 1748.078000, 1802.474000
2646, 378, 1763.349000, 1794.375000
2646, 420, 1748.655000, 1795.247000
2646, 462, 1749.881000, 1795.210000
2646, 504, 1908.825000, 1937.805000
2646, 546, 1860.176000, 1908.088000
2646, 588, 1860.895000, 1903.268000
2646, 630, 1846.235000, 1892.165000
2646, 672, 1941.560000, 2016.071000
2646, 714, 1942.823000, 2018.447000
2646, 756, 1942.410000, 1991.772000
2646, 798, 1943.406000, 1991.291000
2646, 840, 2037.107000, 2118.124000
2646, 882, 2039.149000, 2093.153000
2646, 924, 2038.207000, 2091.378000
2646, 966, 2038.243000, 2091.931000
2646, 1008, 2132.923000, 2189.863000
2688, 42, 1554.830000, 1611.689000
2688, 84, 1557.011000, 1587.943000
2688, 126, 1555.230000, 1589.430000
2688, 168, 1651.062000, 1691.384000
2688, 210, 1652.984000, 1689.354000
2688, 252, 1651.800000, 1688.526000
2688, 294, 1652.018000, 1691.144000
2688, 336, 1747.175000, 1796.032000
2688, 378, 1778.393000, 1809.418000
2688, 420, 1748.452000, 1791.552000
2688, 462, 1749.114000, 1792.165000
2688, 504, 1842.027000, 1888.833000
2688, 546, 1845.381000, 1892.464000
2688, 588, 1845.203000, 1891.082000
2688, 630, 1844.803000, 1891.069000
2688, 672, 1939.496000, 1987.821000
2688, 714, 1940.773000, 2014.153000
2688, 756, 1982.170000, 2000.563000
2688, 798, 1945.145000, 1989.704000
2688, 840, 2035.132000, 2098.723000
2688, 882, 2066.064000, 2097.988000
2688, 924, 2039.038000, 2089.736000
2688, 966, 2038.046000, 2092.763000
2688, 1008, 2131.287000, 2187.992000
2730, 42, 1651.743000, 1689.144000
2730, 84, 1673.912000, 1687.049000
2730, 126, 1655.024000, 1687.792000
2730, 168, 1748.321000, 1788.687000
2730, 210, 1748.114000, 1788.627000
2730, 252, 1750.503000, 1788.593000
2730, 294, 1749.023000, 1787.897000
2730, 336, 1842.977000, 1889.228000
2730, 378, 1845.163000, 1890.639000
2730, 420, 1846.272000, 1889.360000
2730, 462, 1869.101000, 1892.031000
2730, 504, 1940.063000, 1990.236000
2730, 546, 1942.518000, 1991.056000
2730, 588, 1941.745000, 1989.808000
2730, 630, 1942.871000, 1990.180000
2730, 672, 2036.769000, 2088.713000
2730, 714, 2037.848000, 2090.064000
2730, 756, 2038.384000, 2087.450000
2730, 798, 2060.486000, 2091.078000
2730, 840, 2133.247000, 2188.323000
2730, 882, 2133.798000, 2189.755000
2730, 924, 2138.815000, 2187.915000
2730, 966, 2134.204000, 2194.373000
2730, 1008, 2230.907000, 2285.680000
2772, 42, 1652.434000, 1686.877000
2772, 84, 1652.753000, 1686.859000
2772, 126, 1679.673000, 1692.321000
2772, 168, 1747.118000, 1786.587000
2772, 210, 1747.570000, 1787.470000
2772, 252, 1748.420000, 1786.807000
2772, 294, 1750.117000, 1788.791000
2772, 336, 1844.089000, 1888.978000
2772, 378, 1845.109000, 1889.645000
2772, 420, 1846.841000, 1893.444000
2772, 462, 1845.066000, 1889.267000
2772, 504, 1962.407000, 1989.202000
2772, 546, 1943.408000, 2003.612000
2772, 588, 1942.368000, 1989.017000
2772, 630, 1940.891000, 1988.341000
2772, 672, 2038.489000, 2087.609000
2772, 714, 2045.893000, 2093.348000
2772, 756, 2040.950000, 2091.757000
2772, 798, 2048.883000, 2117.300000
2772, 840, 2143.301000, 2193.184000
2772, 882, 2135.938000, 2189.546000
2772, 924, 2143.661000, 2191.640000
2772, 966, 2134.305000, 2189.364000
2772, 1008, 2228.918000, 2287.704000
2814, 42, 1652.161000, 1688.040000
2814, 84, 1655.330000, 1689.559000
2814, 126, 1654.964000, 1710.455000
2814, 168, 1750.286000, 1786.795000
2814, 210, 1747.646000, 1789.054000
2814, 252, 1750.009000, 1787.722000
2814, 294, 1749.826000, 1790.076000
2814, 336, 1845.669000, 1889.161000
2814, 378, 1845.760000, 1890.802000
2814, 420, 1844.812000, 1896.652000
2814, 462, 1871.754000, 1893.828000
2814, 504, 1947.520000, 1990.526000
2814, 546, 1968.519000, 1991.167000
2814, 588, 1948.839000, 1992.176000
2814, 630, 1943.405000, 2006.179000
2814, 672, 2059.921000, 2094.810000
2814, 714, 2043.312000, 2101.778000
2814, 756, 2064.700000, 2130.262000
2814, 798, 2075.488000, 2105.460000
2814, 840, 2142.893000, 2189.715000
2814, 882, 2135.963000, 2212.539000
2814, 924, 2138.631000, 2187.882000
2814, 966, 2135.526000, 2189.055000
2814, 1008, 2231.939000, 2287.967000
2856, 42, 1660.585000, 1704.708000
2856, 84, 1658.622000, 1705.397000
2856, 126, 1654.903000, 1687.994000
2856, 168, 1748.954000, 1785.211000
2856, 210, 1748.602000, 1786.316000
2856, 252, 1749.375000, 1787.697000
2856, 294, 1749.826000, 1786.654000
2856, 336, 1842.716000, 1888.800000
2856, 378, 1843.485000, 1891.236000
2856, 420, 1845.878000, 1895.614000
2856, 462, 1870.012000, 1895.576000
2856, 504, 1947.225000, 1991.015000
2856, 546, 1940.760000, 1988.012000
2856, 588, 1940.596000, 1988.866000
2856, 630, 1942.563000, 1988.549000
2856, 672, 2038.531000, 2086.635000
2856, 714, 2038.173000, 2089.307000
2856, 756, 2037.578000, 2086.714000
2856, 798, 2063.527000, 2093.309000
2856, 840, 2133.003000, 2189.399000
2856, 882, 2137.143000, 2186.323000
2856, 924, 2132.486000, 2186.650000
2856, 966, 2135.861000, 2188.309000
2856, 1008, 2230.025000, 2285.700000
2898, 42, 1751.004000, 1799.840000
2898, 84, 1777.280000, 1792.545000
2898, 126, 1749.386000, 1794.622000
2898, 168, 1859.316000, 1901.264000
2898, 210, 1844.993000, 1893.474000
2898, 252, 1846.544000, 1886.768000
2898, 294, 1861.351000, 1908.842000
2898, 336, 1940.708000, 1986.261000
2898, 378, 1949.929000, 1987.817000
2898, 420, 1942.689000, 1988.650000
2898, 462, 1941.262000, 1987.067000
2898, 504, 2062.069000, 2093.533000
2898, 546, 2044.755000, 2088.614000
2898, 588, 2038.091000, 2107.361000
2898, 630, 2052.759000, 2095.826000
2898, 672, 2135.766000, 2190.899000
2898, 714, 2159.400000, 2189.802000
2898, 756, 2137.551000, 2194.721000
2898, 798, 2137.829000, 2186.218000
2898, 840, 2230.065000, 2283.681000
2898, 882, 2230.813000, 2286.009000
2898, 924, 2230.421000, 2285.068000
2898, 966, 2234.173000, 2289.607000
2898, 1008, 2348.156000, 2388.054000
2940, 42, 1750.541000, 1785.605000
2940, 84, 1748.959000, 1785.699000
2940, 126, 1749.963000, 1787.950000
2940, 168, 1847.240000, 1891.533000
2940, 210, 1844.156000, 1886.955000
2940, 252, 1845.655000, 1885.983000
2940, 294, 1848.164000, 1886.908000
2940, 336, 1939.621000, 1993.345000
2940, 378, 1962.581000, 1989.988000
2940, 420, 1986.399000, 2031.026000
2940, 462, 1976.106000, 1990.389000
2940, 504, 2043.445000, 2133.124000
2940, 546, 2077.113000, 2101.560000
2940, 588, 2086.203000, 2128.796000
2940, 630, 2094.689000, 2147.480000
2940, 672, 2252.344000, 2337.324000
2940, 714, 2198.431000, 2260.635000
2940, 756, 2274.535000, 2257.346000
2940, 798, 2214.207000, 2318.462000
2940, 840, 2351.351000, 2397.306000
2940, 882, 2356.398000, 2316.440000
2940, 924, 2280.845000, 2327.939000
2940, 966, 2283.228000, 2364.672000
2940, 1008, 2411.097000, 2442.913000
2982, 42, 1845.183000, 1925.174000
2982, 84, 1831.507000, 1829.473000
2982, 126, 1823.464000, 1892.642000
2982, 168, 2137.204000, 2096.345000
2982, 210, 1968.048000, 2022.490000
2982, 252, 1940.503000, 1978.642000
2982, 294, 1965.291000, 1968.022000
2982, 336, 1974.796000, 2030.291000
2982, 378, 1995.405000, 2053.019000
2982, 420, 1991.169000, 2047.109000
2982, 462, 2004.340000, 2050.600000
2982, 504, 2106.830000, 2146.731000
2982, 546, 2194.108000, 2179.876000
2982, 588, 2117.207000, 2156.799000
2982, 630, 2101.508000, 2159.497000
2982, 672, 2220.237000, 2272.964000
2982, 714, 2192.463000, 2262.396000
2982, 756, 2199.641000, 2244.514000
2982, 798, 2197.159000, 2237.174000
2982, 840, 2343.745000, 2312.282000
2982, 882, 2231.260000, 2289.519000
2982, 924, 2230.451000, 2289.493000
2982, 966, 2232.665000, 2290.274000
2982, 1008, 2326.679000, 2388.697000
3024, 42, 1762.251000, 1800.306000
3024, 84, 1757.075000, 1796.188000
3024, 126, 1764.173000, 1855.429000
3024, 168, 1861.515000, 1885.137000
3024, 210, 1858.549000, 1915.518000
3024, 252, 1943.009000, 1981.018000
3024, 294, 1907.055000, 2004.055000
3024, 336, 2024.478000, 2057.693000
3024, 378, 1957.903000, 2016.730000
3024, 420, 2003.846000, 2049.605000
3024, 462, 1961.946000, 2026.923000
3024, 504, 2069.932000, 2126.735000
3024, 546, 2080.397000, 2129.961000
3024, 588, 2077.610000, 2126.319000
3024, 630, 2071.963000, 2126.402000
3024, 672, 2173.607000, 2221.585000
3024, 714, 2180.397000, 2238.746000
3024, 756, 2287.974000, 2331.758000
3024, 798, 2273.548000, 2309.186000
3024, 840, 2310.308000, 2390.531000
3024, 882, 2278.103000, 2344.209000
3024, 924, 2312.326000, 2330.227000
3024, 966, 2281.143000, 2332.340000
3024, 1008, 2372.423000, 2388.826000
3066, 42, 1847.065000, 1919.076000
3066, 84, 1884.748000, 1923.391000
3066, 126, 1892.006000, 1907.683000
3066, 168, 1941.994000, 1983.195000
3066, 210, 1945.088000, 2004.129000
3066, 252, 1953.023000, 1995.508000
3066, 294, 1956.328000, 1993.339000
3066, 336, 2044.131000, 2177.574000
3066, 378, 2212.621000, 2183.140000
3066, 420, 2202.903000, 2279.445000
3066, 462, 2201.155000, 2246.995000
3066, 504, 2347.046000, 2357.041000
3066, 546, 2290.469000, 2360.626000
3066, 588, 2277.849000, 2367.792000
3066, 630, 2284.765000, 2276.152000
3066, 672, 2387.352000, 2418.863000
3066, 714, 2292.067000, 2351.889000
3066, 756, 2375.768000, 2394.784000
3066, 798, 2280.274000, 2377.182000
3066, 840, 2485.223000, 2525.056000
3066, 882, 2465.702000, 2518.317000
3066, 924, 2442.540000, 2456.672000
3066, 966, 2382.402000, 2446.908000
3066, 1008, 2489.680000, 2535.903000
3108, 42, 1889.504000, 1921.399000
3108, 84, 1877.249000, 1941.079000
3108, 126, 1889.351000, 1913.547000
3108, 168, 1970.827000, 2018.860000
3108, 210, 1981.114000, 2007.292000
3108, 252, 1945.592000, 1986.352000
3108, 294, 1945.188000, 1986.709000
3108, 336, 2037.147000, 2112.559000
3108, 378, 2084.475000, 2129.067000
3108, 420, 2080.650000, 2113.094000
3108, 462, 2073.310000, 2127.695000
3108, 504, 2176.428000, 2212.299000
3108, 546, 2135.904000, 2204.201000
3108, 588, 2179.801000, 2232.634000
3108, 630, 2221.778000, 2227.378000
3108, 672, 2256.573000, 2326.023000
3108, 714, 2258.487000, 2333.640000
3108, 756, 2274.297000, 2286.494000
3108, 798, 2232.939000, 2285.827000
3108, 840, 2377.387000, 2423.872000
3108, 882, 2366.002000, 2403.704000
3108, 924, 2347.950000, 2444.932000
3108, 966, 2396.705000, 2489.230000
3108, 1008, 2566.895000, 2663.671000
3150, 42, 1967.254000, 1973.129000
3150, 84, 1893.056000, 1938.186000
3150, 126, 1950.842000, 2022.336000
3150, 168, 1998.721000, 2040.256000
3150, 210, 2037.814000, 2033.490000
3150, 252, 1986.181000, 2032.256000
3150, 294, 1973.519000, 2042.942000
3150, 336, 2113.507000, 2196.858000
3150, 378, 2137.898000, 2129.790000
3150, 420, 2080.580000, 2198.363000
3150, 462, 2085.346000, 2124.123000
3150, 504, 2163.801000, 2194.963000
3150, 546, 2146.457000, 2209.564000
3150, 588, 2185.254000, 2205.837000
3150, 630, 2153.142000, 2203.032000
3150, 672, 2231.338000, 2293.527000
3150, 714, 2308.731000, 2351.388000
3150, 756, 2368.472000, 2465.892000
3150, 798, 2448.369000, 2448.943000
3150, 840, 2461.275000, 2504.145000
3150, 882, 2496.126000, 2510.135000
3150, 924, 2469.436000, 2480.468000
3150, 966, 2407.909000, 2507.698000
3150, 1008, 2507.587000, 2585.602000
3192, 42, 1885.561000, 1914.157000
3192, 84, 1871.574000, 1912.315000
3192, 126, 1889.536000, 1953.416000
3192, 168, 2018.066000, 2022.887000
3192, 210, 1995.638000, 1998.278000
3192, 252, 1954.794000, 1995.785000
3192, 294, 1955.720000, 1994.803000
3192, 336, 2052.798000, 2189.543000
3192, 378, 2136.743000, 2148.888000
3192, 420, 2077.686000, 2112.052000
3192, 462, 2067.950000, 2175.487000
3192, 504, 2202.793000, 2215.351000
3192, 546, 2174.038000, 2202.164000
3192, 588, 2151.694000, 2227.883000
3192, 630, 2214.542000, 2247.404000
3192, 672, 2289.019000, 2361.437000
3192, 714, 2343.963000, 2327.891000
3192, 756, 2248.660000, 2295.250000
3192, 798, 2254.516000, 2298.486000
3192, 840, 2342.529000, 2412.271000
3192, 882, 2385.693000, 2400.009000
3192, 924, 2349.039000, 2445.934000
3192, 966, 2344.626000, 2441.026000
3192, 1008, 2488.553000, 2539.053000
3234, 42, 1951.756000, 1992.007000
3234, 84, 1950.884000, 1990.792000
3234, 126, 1953.251000, 2002.183000
3234, 168, 2084.823000, 2115.986000
3234, 210, 2070.917000, 2145.519000
3234, 252, 2083.552000, 2161.492000
3234, 294, 2114.920000, 2147.120000
3234, 336, 2188.978000, 2214.478000
3234, 378, 2142.566000, 2185.499000
3234, 420, 2135.494000, 2185.989000
3234, 462, 2138.939000, 2197.005000
3234, 504, 2241.368000, 2300.184000
3234, 546, 2262.764000, 2288.205000
3234, 588, 2235.447000, 2284.263000
3234, 630, 2232.215000, 2292.836000
3234, 672, 2354.425000, 2395.283000
3234, 714, 2328.040000, 2415.247000
3234, 756, 2335.749000, 2387.399000
3234, 798, 2330.053000, 2437.680000
3234, 840, 2436.778000, 2482.773000
3234, 882, 2432.767000, 2506.095000
3234, 924, 2434.660000, 2485.825000
3234, 966, 2458.779000, 2485.780000
3234, 1008, 2526.501000, 2581.395000
3276, 42, 1946.514000, 1993.137000
3276, 84, 1942.676000, 2001.326000
3276, 126, 1975.726000, 1994.936000
3276, 168, 2039.456000, 2088.010000
3276, 210, 2045.982000, 2082.086000
3276, 252, 2038.789000, 2083.279000
3276, 294, 2039.911000, 2082.170000
3276, 336, 2136.954000, 2183.915000
3276, 378, 2137.971000, 2186.213000
3276, 420, 2136.269000, 2187.154000
3276, 462, 2165.041000, 2187.853000
3276, 504, 2251.874000, 2313.233000
3276, 546, 2250.837000, 2294.086000
3276, 588, 2245.068000, 2379.732000
3276, 630, 2301.119000, 2304.615000
3276, 672, 2338.928000, 2394.691000
3276, 714, 2340.902000, 2391.983000
3276, 756, 2460.193000, 2470.327000
3276, 798, 2369.993000, 2505.492000
3276, 840, 2497.476000, 2536.980000
3276, 882, 2475.046000, 2522.567000
3276, 924, 2518.031000, 2518.878000
3276, 966, 2475.979000, 2534.832000
3276, 1008, 2570.200000, 2599.170000
3318, 42, 1954.006000, 1992.026000
3318, 84, 2011.117000, 2056.961000
3318, 126, 1973.139000, 1996.607000
3318, 168, 2057.597000, 2103.099000
3318, 210, 2046.545000, 2089.611000
3318, 252, 2047.084000, 2208.934000
3318, 294, 2101.720000, 2214.941000
3318, 336, 2272.289000, 2252.120000
3318, 378, 2153.767000, 2233.520000
3318, 420, 2189.206000, 2201.938000
3318, 462, 2190.269000, 2187.529000
3318, 504, 2230.969000, 2286.775000
3318, 546, 2233.440000, 2289.266000
3318, 588, 2245.057000, 2285.040000
3318, 630, 2239.948000, 2348.717000
3318, 672, 2354.408000, 2440.763000
3318, 714, 2402.673000, 2464.047000
3318, 756, 2383.356000, 2477.554000
3318, 798, 2546.986000, 2530.349000
3318, 840, 2547.565000, 2614.038000
3318, 882, 2582.496000, 2662.451000
3318, 924, 2549.704000, 2587.754000
3318, 966, 2482.728000, 2573.908000
3318, 1008, 2677.024000, 2657.436000
3360, 42, 2096.149000, 2122.990000
3360, 84, 2010.833000, 2090.457000
3360, 126, 2098.729000, 2027.717000
3360, 168, 2104.934000, 2091.024000
3360, 210, 2039.100000, 2109.361000
3360, 252, 2056.666000, 2120.064000
3360, 294, 2076.973000, 2084.728000
3360, 336, 2138.721000, 2185.372000
3360, 378, 2136.314000, 2194.906000
3360, 420, 2136.425000, 2199.220000
3360, 462, 2170.953000, 2202.221000
3360, 504, 2251.214000, 2286.095000
3360, 546, 2237.028000, 2283.893000
3360, 588, 2234.783000, 2282.672000
3360, 630, 2234.838000, 2285.607000
3360, 672, 2327.540000, 2415.630000
3360, 714, 2419.637000, 2489.161000
3360, 756, 2445.389000, 2533.766000
3360, 798, 2493.646000, 2567.460000
3360, 840, 2614.013000, 2546.751000
3360, 882, 2457.001000, 2490.711000
3360, 924, 2484.427000, 2549.533000
3360, 966, 2545.277000, 2662.718000
3360, 1008, 2724.531000, 2764.428000
3402, 42, 2191.375000, 2221.967000
3402, 84, 2190.932000, 2248.034000
3402, 126, 2149.308000, 2131.492000
3402, 168, 2190.638000, 2230.739000
3402, 210, 2223.471000, 2282.739000
3402, 252, 2244.100000, 2312.537000
3402, 294, 2249.732000, 2342.632000
3402, 336, 2389.717000, 2428.009000
3402, 378, 2395.525000, 2504.571000
3402, 420, 2376.850000, 2385.821000
3402, 462, 2333.300000, 2359.674000
3402, 504, 2497.323000, 2512.568000
3402, 546, 2465.751000, 2485.364000
3402, 588, 2371.982000, 2434.090000
3402, 630, 2378.195000, 2420.049000
3402, 672, 2486.733000, 2524.941000
3402, 714, 2475.800000, 2525.800000
3402, 756, 2471.747000, 2533.191000
3402, 798, 2475.241000, 2527.073000
3402, 840, 2522.261000, 2582.135000
3402, 882, 2523.907000, 2583.664000
3402, 924, 2522.220000, 2582.711000
3402, 966, 2522.629000, 2581.420000
3402, 1008, 2616.136000, 2680.622000
3444, 42, 2041.712000, 2079.517000
3444, 84, 2041.408000, 2089.709000
3444, 126, 2041.956000, 2087.830000
3444, 168, 2134.906000, 2178.962000
3444, 210, 2135.309000, 2183.347000
3444, 252, 2149.433000, 2188.672000
3444, 294, 2145.936000, 2183.502000
3444, 336, 2235.781000, 2281.701000
3444, 378, 2231.219000, 2282.892000
3444, 420, 2239.270000, 2291.827000
3444, 462, 2237.933000, 2285.684000
3444, 504, 2336.996000, 2382.714000
3444, 546, 2329.632000, 2383.631000
3444, 588, 2328.236000, 2382.113000
3444, 630, 2329.886000, 2383.764000
3444, 672, 2426.110000, 2479.643000
3444, 714, 2425.221000, 2482.007000
3444, 756, 2426.535000, 2481.090000
3444, 798, 2429.812000, 2483.055000
3444, 840, 2520.942000, 2579.479000
3444, 882, 2521.680000, 2583.191000
3444, 924, 2523.941000, 2580.126000
3444, 966, 2522.352000, 2580.846000
3444, 1008, 2616.891000, 2679.903000
3486, 42, 2039.515000, 2080.853000
3486, 84, 2040.835000, 2081.109000
3486, 126, 2040.675000, 2082.162000
3486, 168, 2134.735000, 2182.147000
3486, 210, 2139.092000, 2181.177000
3486, 252, 2136.001000, 2181.853000
3486, 294, 2141.347000, 2181.845000
3486, 336, 2231.544000, 2280.896000
3486, 378, 2232.442000, 2285.644000
3486, 420, 2233.124000, 2285.936000
3486, 462, 2232.603000, 2283.698000
3486, 504, 2329.640000, 2390.525000
3486, 546, 2329.209000, 2381.791000
3486, 588, 2330.374000, 2389.780000
3486, 630, 2342.889000, 2434.410000
3486, 672, 2463.080000, 2497.925000
3486, 714, 2433.710000, 2480.617000
3486, 756, 2428.417000, 2482.450000
3486, 798, 2427.224000, 2483.258000
3486, 840, 2524.632000, 2581.133000
3486, 882, 2555.631000, 2615.437000
3486, 924, 2560.722000, 2610.109000
3486, 966, 2532.912000, 2581.405000
3486, 1008, 2729.817000, 2710.236000
3528, 42, 2054.810000, 2096.053000
3528, 84, 2071.517000, 2113.473000
3528, 126, 2073.951000, 2120.828000
3528, 168, 2186.191000, 2186.163000
3528, 210, 2135.619000, 2208.998000
3528, 252, 2176.872000, 2211.309000
3528, 294, 2169.212000, 2208.285000
3528, 336, 2232.197000, 2307.960000
3528, 378, 2282.634000, 2316.799000
3528, 420, 2271.124000, 2313.758000
3528, 462, 2240.178000, 2293.929000
3528, 504, 2331.674000, 2399.573000
3528, 546, 2344.824000, 2452.177000
3528, 588, 2422.309000, 2482.603000
3528, 630, 2367.200000, 2411.931000
3528, 672, 2444.354000, 2494.347000
3528, 714, 2496.202000, 2583.588000
3528, 756, 2463.610000, 2522.359000
3528, 798, 2467.615000, 2526.260000
3528, 840, 2528.536000, 2588.657000
3528, 882, 2522.722000, 2623.447000
3528, 924, 2566.681000, 2625.438000
3528, 966, 2564.297000, 2617.468000
3528, 1008, 2657.689000, 2719.238000
3570, 42, 2171.257000, 2207.926000
3570, 84, 2168.172000, 2218.287000
3570, 126, 2177.132000, 2212.012000
3570, 168, 2264.817000, 2313.825000
3570, 210, 2233.440000, 2276.948000
3570, 252, 2242.154000, 2282.744000
3570, 294, 2246.260000, 2315.224000
3570, 336, 2365.842000, 2420.983000
3570, 378, 2362.736000, 2421.507000
3570, 420, 2361.736000, 2397.669000
3570, 462, 2337.111000, 2382.835000
3570, 504, 2433.993000, 2524.766000
3570, 546, 2463.645000, 2517.835000
3570, 588, 2463.099000, 2517.934000
3570, 630, 2473.518000, 2520.208000
3570, 672, 2567.284000, 2619.026000
3570, 714, 2562.240000, 2601.926000
3570, 756, 2532.536000, 2610.087000
3570, 798, 2543.944000, 2578.743000
3570, 840, 2620.949000, 2696.205000
3570, 882, 2624.316000, 2688.359000
3570, 924, 2619.990000, 2718.526000
3570, 966, 2656.778000, 2723.585000
3570, 1008, 2761.719000, 2829.635000
3612, 42, 2170.987000, 2213.711000
3612, 84, 2144.225000, 2179.677000
3612, 126, 2137.937000, 2188.619000
3612, 168, 2234.022000, 2280.921000
3612, 210, 2243.703000, 2278.888000
3612, 252, 2232.952000, 2309.874000
3612, 294, 2275.710000, 2314.477000
3612, 336, 2366.204000, 2416.009000
3612, 378, 2368.199000, 2423.330000
3612, 420, 2368.040000, 2426.195000
3612, 462, 2373.132000, 2415.728000
3612, 504, 2467.084000, 2511.735000
3612, 546, 2445.915000, 2488.256000
3612, 588, 2427.689000, 2488.895000
3612, 630, 2464.582000, 2525.901000
3612, 672, 2573.778000, 2596.465000
3612, 714, 2520.793000, 2579.306000
3612, 756, 2524.962000, 2579.537000
3612, 798, 2534.679000, 2588.563000
3612, 840, 2629.633000, 2680.423000
3612, 882, 2618.465000, 2724.466000
3612, 924, 2674.829000, 2747.719000
3612, 966, 2660.625000, 2686.651000
3612, 1008, 2723.934000, 2784.561000
3654, 42, 2137.997000, 2178.399000
3654, 84, 2146.876000, 2182.578000
3654, 126, 2139.685000, 2215.296000
3654, 168, 2250.511000, 2336.843000
3654, 210, 2402.662000, 2466.183000
3654, 252, 2369.394000, 2370.069000
3654, 294, 2302.691000, 2348.332000
3654, 336, 2378.016000, 2448.868000
3654, 378, 2347.915000, 2438.216000
3654, 420, 2360.627000, 2390.267000
3654, 462, 2332.578000, 2382.794000
3654, 504, 2429.603000, 2537.055000
3654, 546, 2435.546000, 2486.108000
3654, 588, 2431.541000, 2485.221000
3654, 630, 2427.832000, 2503.470000
3654, 672, 2527.069000, 2586.151000
3654, 714, 2547.233000, 2749.223000
3654, 756, 2632.040000, 2663.780000
3654, 798, 2580.393000, 2632.700000
3654, 840, 2668.461000, 2748.938000
3654, 882, 2672.992000, 2736.370000
3654, 924, 2653.795000, 2691.681000
3654, 966, 2673.451000, 2691.690000
3654, 1008, 2726.543000, 2781.020000
3696, 42, 2163.399000, 2250.486000
3696, 84, 2179.924000, 2190.024000
3696, 126, 2139.037000, 2188.009000
3696, 168, 2289.328000, 2283.595000
3696, 210, 2243.356000, 2294.770000
3696, 252, 2268.133000, 2325.038000
3696, 294, 2279.809000, 2313.557000
3696, 336, 2332.087000, 2391.605000
3696, 378, 2397.928000, 2381.442000
3696, 420, 2338.628000, 2410.533000
3696, 462, 2338.322000, 2381.069000
3696, 504, 2428.136000, 2478.695000
3696, 546, 2424.454000, 2506.435000
3696, 588, 2469.843000, 2536.772000
3696, 630, 2428.578000, 2505.377000
3696, 672, 2567.846000, 2588.952000
3696, 714, 2566.178000, 2651.097000
3696, 756, 2578.560000, 2633.615000
3696, 798, 2584.945000, 2611.643000
3696, 840, 2660.843000, 2730.228000
3696, 882, 2703.385000, 2770.268000
3696, 924, 2779.200000, 2867.185000
3696, 966, 2691.039000, 2728.459000
3696, 1008, 2808.920000, 2929.928000
3738, 42, 2290.056000, 2341.217000
3738, 84, 2285.439000, 2340.244000
3738, 126, 2322.565000, 2394.348000
3738, 168, 2514.884000, 2522.381000
3738, 210, 2593.679000, 2551.170000
3738, 252, 2522.455000, 2566.387000
3738, 294, 2488.407000, 2471.405000
3738, 336, 2536.927000, 2526.726000
3738, 378, 2466.175000, 2549.825000
3738, 420, 2453.796000, 2481.917000
3738, 462, 2479.945000, 2557.419000
3738, 504, 2572.447000, 2603.906000
3738, 546, 2520.821000, 2579.966000
3738, 588, 2549.188000, 2636.246000
3738, 630, 2585.988000, 2685.926000
3738, 672, 2707.617000, 2775.630000
3738, 714, 2796.847000, 2838.671000
3738, 756, 2698.958000, 2747.979000
3738, 798, 2713.536000, 2774.750000
3738, 840, 2823.001000, 2984.800000
3738, 882, 2875.850000, 3013.921000
3738, 924, 2969.459000, 2871.604000
3738, 966, 2773.231000, 2827.825000
3738, 1008, 2855.823000, 2896.013000
3780, 42, 2270.825000, 2314.690000
3780, 84, 2314.999000, 2309.418000
3780, 126, 2274.667000, 2310.395000
3780, 168, 2337.028000, 2384.011000
3780, 210, 2348.098000, 2381.162000
3780, 252, 2341.617000, 2503.003000
3780, 294, 2523.999000, 2566.810000
3780, 336, 2614.187000, 2653.018000
3780, 378, 2568.682000, 2663.587000
3780, 420, 2636.849000, 2632.207000
3780, 462, 2615.434000, 2678.856000
3780, 504, 2778.782000, 2775.000000
3780, 546, 2735.836000, 2801.402000
3780, 588, 2678.370000, 2679.220000
3780, 630, 2606.604000, 2692.952000
3780, 672, 2697.441000, 2752.635000
3780, 714, 2704.125000, 2878.730000
3780, 756, 2790.697000, 2822.036000
3780, 798, 2758.491000, 2821.698000
3780, 840, 2912.704000, 3053.826000
3780, 882, 2896.952000, 2821.521000
3780, 924, 2761.825000, 2878.742000
3780, 966, 2744.797000, 2804.069000
3780, 1008, 2838.598000, 2878.349000
3822, 42, 2251.724000, 2335.619000
3822, 84, 2359.761000, 2502.959000
3822, 126, 2364.025000, 2437.041000
3822, 168, 2518.386000, 2553.412000
3822, 210, 2494.963000, 2552.470000
3822, 252, 2635.821000, 2589.606000
3822, 294, 2436.756000, 2423.741000
3822, 336, 2541.799000, 2590.908000
3822, 378, 2430.252000, 2513.551000
3822, 420, 2432.251000, 2482.692000
3822, 462, 2442.017000, 2483.862000
3822, 504, 2534.678000, 2607.061000
3822, 546, 2584.638000, 2615.016000
3822, 588, 2556.096000, 2604.156000
3822, 630, 2541.925000, 2594.604000
3822, 672, 2729.808000, 2797.155000
3822, 714, 2749.324000, 2771.288000
3822, 756, 2726.166000, 2744.223000
3822, 798, 2653.152000, 2732.577000
3822, 840, 2812.033000, 2978.641000
3822, 882, 2997.972000, 3020.023000
3822, 924, 2853.513000, 2831.178000
3822, 966, 2809.033000, 2820.783000
3822, 1008, 2830.655000, 2899.867000
3864, 42, 2327.546000, 2332.296000
3864, 84, 2284.256000, 2302.385000
3864, 126, 2239.329000, 2282.839000
3864, 168, 2356.714000, 2402.584000
3864, 210, 2335.536000, 2376.476000
3864, 252, 2345.892000, 2433.123000
3864, 294, 2376.167000, 2421.820000
3864, 336, 2431.129000, 2476.760000
3864, 378, 2454.543000, 2559.065000
3864, 420, 2478.643000, 2525.602000
3864, 462, 2475.911000, 2530.896000
3864, 504, 2574.719000, 2632.275000
3864, 546, 2572.480000, 2613.512000
3864, 588, 2553.098000, 2643.224000
3864, 630, 2539.626000, 2589.063000
3864, 672, 2619.273000, 2677.246000
3864, 714, 2647.305000, 2692.570000
3864, 756, 2622.012000, 2679.403000
3864, 798, 2630.502000, 2694.366000
3864, 840, 2714.286000, 2775.415000
3864, 882, 2715.844000, 2778.615000
3864, 924, 2716.243000, 2778.211000
3864, 966, 2762.414000, 2819.091000
3864, 1008, 2830.379000, 2881.845000
3906, 42, 2330.949000, 2377.036000
3906, 84, 2333.039000, 2374.099000
3906, 126, 2333.538000, 2375.766000
3906, 168, 2429.815000, 2500.438000
3906, 210, 2428.051000, 2474.488000
3906, 252, 2431.125000, 2511.391000
3906, 294, 2450.701000, 2476.029000
3906, 336, 2524.645000, 2578.164000
3906, 378, 2588.359000, 2634.488000
3906, 420, 2522.718000, 2577.512000
3906, 462, 2524.568000, 2579.617000
3906, 504, 2643.595000, 2686.338000
3906, 546, 2621.270000, 2679.633000
3906, 588, 2636.171000, 2753.019000
3906, 630, 2655.660000, 2678.031000
3906, 672, 2716.524000, 2776.888000
3906, 714, 2716.643000, 2784.777000
3906, 756, 2717.316000, 2778.067000
3906, 798, 2741.130000, 2777.319000
3906, 840, 2811.782000, 2874.960000
3906, 882, 2818.944000, 2928.090000
3906, 924, 2822.297000, 2880.089000
3906, 966, 2825.084000, 2934.555000
3906, 1008, 2921.350000, 2975.994000
3948, 42, 2329.539000, 2402.867000
3948, 84, 2360.509000, 2377.352000
3948, 126, 2341.493000, 2397.983000
3948, 168, 2523.212000, 2486.812000
3948, 210, 2443.877000, 2499.854000
3948, 252, 2471.564000, 2525.962000
3948, 294, 2434.612000, 2475.265000
3948, 336, 2546.907000, 2609.470000
3948, 378, 2528.272000, 2578.772000
3948, 420, 2547.789000, 2662.988000
3948, 462, 2545.049000, 2596.838000
3948, 504, 2619.939000, 2678.652000
3948, 546, 2621.984000, 2685.371000
3948, 588, 2620.366000, 2676.414000
3948, 630, 2644.047000, 2678.655000
3948, 672, 2723.297000, 2781.874000
3948, 714, 2722.237000, 2781.573000
3948, 756, 2735.504000, 2776.148000
3948, 798, 2719.260000, 2778.920000
3948, 840, 2834.757000, 2881.851000
3948, 882, 2824.122000, 2875.647000
3948, 924, 2813.483000, 2876.184000
3948, 966, 2814.713000, 2876.843000
3948, 1008, 2913.455000, 2996.745000
3990, 42, 2341.185000, 2376.596000
3990, 84, 2335.502000, 2377.462000
3990, 126, 2333.804000, 2385.509000
3990, 168, 2456.957000, 2569.483000
3990, 210, 2429.544000, 2474.817000
3990, 252, 2428.719000, 2511.252000
3990, 294, 2455.200000, 2476.462000
3990, 336, 2522.830000, 2576.840000
3990, 378, 2548.756000, 2584.470000
3990, 420, 2562.935000, 2617.577000
3990, 462, 2553.259000, 2580.695000
3990, 504, 2620.330000, 2682.112000
3990, 546, 2622.682000, 2678.259000
3990, 588, 2620.515000, 2684.360000
3990, 630, 2635.793000, 2704.839000
3990, 672, 2719.921000, 2779.714000
3990, 714, 2728.101000, 2782.352000
3990, 756, 2727.441000, 2846.076000
3990, 798, 2733.933000, 2778.519000
3990, 840, 2814.283000, 2875.774000
3990, 882, 2815.777000, 2877.450000
3990, 924, 2814.209000, 2875.841000
3990, 966, 2840.302000, 2886.464000
3990, 1008, 2910.622000, 2976.212000
4032, 42, 2332.027000, 2374.492000
4032, 84, 2332.510000, 2390.461000
4032, 126, 2332.733000, 2378.451000
4032, 168, 2437.712000, 2487.365000
4032, 210, 2427.030000, 2474.872000
4032, 252, 2427.011000, 2475.793000
4032, 294, 2437.105000, 2490.997000
4032, 336, 2580.173000, 2639.612000
4032, 378, 2534.517000, 2577.241000
4032, 420, 2524.729000, 2589.112000
4032, 462, 2524.791000, 2576.810000
4032, 504, 2619.220000, 2732.166000
4032, 546, 2660.358000, 2692.873000
4032, 588, 2623.840000, 2676.557000
4032, 630, 2619.703000, 2676.384000
4032, 672, 2716.992000, 2794.803000
4032, 714, 2794.807000, 2794.752000
4032, 756, 2718.050000, 2776.808000
4032, 798, 2721.012000, 2776.440000
4032, 840, 2820.965000, 2873.509000
4032, 882, 2812.291000, 2894.793000
4032, 924, 2814.826000, 2882.810000
4032, 966, 2814.347000, 2881.489000
4032, 1008, 2918.768000, 2975.500000
4074, 42, 2439.208000, 2482.292000
4074, 84, 2502.795000, 2550.219000
4074, 126, 2536.516000, 2547.661000
4074, 168, 2594.304000, 2650.526000
4074, 210, 2540.432000, 2578.137000
4074, 252, 2524.896000, 2573.594000
4074, 294, 2525.000000, 2572.363000
4074, 336, 2643.158000, 2676.842000
4074, 378, 2620.220000, 2680.881000
4074, 420, 2622.880000, 2679.454000
4074, 462, 2638.674000, 2699.860000
4074, 504, 2734.867000, 2793.175000
4074, 546, 2718.393000, 2777.380000
4074, 588, 2754.370000, 2780.502000
4074, 630, 2717.046000, 2782.046000
4074, 672, 2828.005000, 2914.806000
4074, 714, 2859.659000, 2918.260000
4074, 756, 2867.882000, 2889.911000
4074, 798, 2845.483000, 2968.643000
4074, 840, 2983.899000, 2996.866000
4074, 882, 2911.847000, 2978.018000
4074, 924, 2910.138000, 2972.731000
4074, 966, 2910.339000, 2975.228000
4074, 1008, 3004.464000, 3099.540000
